Player,Year1,Year2,Year3,Year4,Year5,Year6,Year7,Year8,Year9,Year10,Year11,Year12,Year13,Year14,Year15,Year16,Year17,Year18,Retire,NextPercentile
Chris Canty,0.1021775544388609,0.2068403908794788,0.3822152886115444,0.6808823529411765,0.6394101876675603,0.4913848117421825,0.0210135970333745,0.0274390243902439,0.6463119709794438,0.692214846107423,0.7927337701012508,0.7776442307692307,0.7691387559808612,0.765017667844523,0.763317191283293,0.7958937198067633,0.8202516476932294,0.8073941562313656,0,0.7792284866468843
Phil Dawson,0.3102941176470588,0.2607238605898123,0.2641991065730695,0.3189122373300371,0.3091463414634146,0.4014510278113664,0.3814121907060953,0.3621203097081596,0.1502403846153846,0.0370813397129186,0.1012956419316843,0.137409200968523,0.1340579710144927,0.1180347513481126,0.1282051282051282,0.0694362017804154,0.1196480938416422,0.1226635514018691,1,
Chris Clemons,0.5439024390243903,0.6166868198307134,0.6173808086904043,0.7218582489577129,0.7445913461538461,0.7966507177033493,0.7386363636363636,0.8763250883392226,0.9546525323910484,0.9334140435835352,0.8208232445520581,0.7590579710144928,0.8611111111111112,0.8939484721390054,0.8550029958058718,0.8348240906380441,0.7738872403560831,0.7008902077151336,1,
Adrian Peterson,0.1914486279514997,0.2354758961681087,0.4908536585365853,0.5151148730350665,0.5594447797223898,0.5086360929124479,0.4877903513996426,0.40625,0.4014423076923077,0.4419856459330143,0.4452296819787986,0.4267554479418886,0.3345410628019323,0.3079688436189335,0.2510435301132975,0.1394658753709199,0.1008797653958944,0.1536214953271028,0,0.2189349112426035
Steve Martin,0.2589285714285714,0.1377358490566037,0.1257035647279549,0.0375234521575985,0.0431519699812382,0.0594795539033457,0.064516129032258,0.0699432892249527,0.0631399317406143,0.1979345955249569,0.1825795644891122,0.3583061889250814,0.4648985959438377,0.7330882352941176,0.7949061662198391,0.7051691129546905,0.7546353522867738,0.6701219512195122,1,
J.R. Reed,0.473780487804878,0.4703748488512696,0.496077248038624,0.5360333531864205,0.546875,0.5227272727272727,0.2243816254416961,0.0405569007263922,0.0440821256038647,0.0437387657279808,0.0429338103756708,0.0409495548961424,0.039882697947214,0.0420560747663551,0.0343195266272189,0.0363744782349433,0.2447552447552447,0.4399079930994825,1,
Bruce Smith,0.4140480591497227,0.7775735294117647,0.988095238095238,0.9886792452830188,0.9774859287054408,1.0,0.9943714821763602,0.9944237918215614,0.9411764705882352,0.9924385633270322,0.9948805460750854,0.9982788296041308,0.981574539363484,0.978827361563518,0.93603744149766,0.9889705882352942,0.9785522788203752,0.98085513720485,0,0.9313967861557478
Alex Brown,0.6751754945756222,0.8436341161928307,0.9445121951219512,0.9582829504232164,0.9643934821967411,0.9708159618820726,0.9681490384615384,0.937200956937799,0.9104829210836278,0.8044794188861986,0.6630434782608695,0.0437387657279808,0.0429338103756708,0.0409495548961424,0.039882697947214,0.0420560747663551,0.0343195266272189,0.1699463327370304,1,
Michael Bennett,0.1233243967828418,0.1991065730695596,0.2058096415327565,0.1115853658536585,0.0326481257557436,0.0941460470730235,0.1399642644431209,0.1550480769230769,0.2117224880382775,0.2446172248803828,0.4240282685512367,0.4534746760895171,0.7094430992736077,0.8617149758454107,0.9418813660874776,0.9481216457960644,0.9026706231454006,0.8409495548961424,0,0.8164222873900293
Robert Thomas,0.3419117647058823,0.2513404825737265,0.2916400765794512,0.2348436502871729,0.6372064276885043,0.7036585365853658,0.7654171704957679,0.7235968617984309,0.7355568790946992,0.6538461538461539,0.604066985645933,0.2296819787985865,0.0405569007263922,0.0440821256038647,0.0437387657279808,0.0429338103756708,0.1916913946587537,0.4780058651026393,0,0.5595794392523364
Brandon Marshall,0.5117682558841279,0.5330553901131626,0.5426682692307693,0.3977272727272727,0.3480565371024735,0.3093220338983051,0.3713768115942029,0.3804347826086957,0.408627920910725,0.5497912939773405,0.6112104949314252,0.6706231454005934,0.686646884272997,0.7249266862170088,0.7290322580645161,0.6629672897196262,0.5811915887850467,0.2378698224852071,0,0.2331360946745562
Reggie White,0.2587800369685767,0.5422794117647058,0.8601190476190477,0.8773584905660378,0.8574108818011257,0.8686679174484052,0.8555347091932458,0.7732342007434945,0.4776951672862453,0.3377609108159393,0.3648393194706994,0.3931947069943289,0.1945392491467577,0.1740614334470989,0.4337349397590361,0.592964824120603,0.7801302931596091,0.6146645865834633,0,0.7955882352941176
Darrell Green,0.4673267326732673,0.7181467181467182,0.7985212569316081,0.8235294117647058,0.8541666666666666,0.8113207547169812,0.6566604127579737,0.6041275797373359,0.7485928705440901,0.7769516728624535,0.7817836812144212,0.7561436672967864,0.8242320819112628,0.8812392426850258,0.8894472361809045,0.8697068403908795,0.7722308892355694,0.8823529411764706,0,0.8478552278820375
Charles Woodson,0.6221498371335505,0.7425897035881436,0.9595588235294118,0.9343163538873994,0.9495851946394384,0.927070457354759,0.9506097560975608,0.9189842805320436,0.95956547978274,0.973198332340679,0.9987980769230768,0.998803827751196,0.9994110718492344,0.9993946731234868,0.9921497584541062,0.9838226482923906,0.9713774597495528,0.9881305637982196,1,
Mike Adams,0.5493902439024391,0.8246674727932285,0.859987929993965,0.8665872543180465,0.7566105769230769,0.791267942583732,0.8392226148409894,0.8910411622276029,0.8810386473429952,0.8671497584541062,0.7465548232474536,0.6860395446375075,0.6893261776982708,0.7734048896839595,0.9602373887240356,0.9882697947214076,0.9970794392523364,0.981656804733728,0,0.9045915324985092
Dexter Davis,0.1728624535315985,0.1707779886148007,0.1776937618147448,0.0784982935153583,0.0774526678141136,0.0770519262981574,0.0684039087947882,0.0717628705148206,0.0235294117647058,0.0201072386058981,0.0153158902361199,0.0210135970333745,0.0274390243902439,0.0326481257557436,0.0325890162945081,0.0327575938058368,0.0372596153846153,0.0370813397129186,0,0.5571260306242638
Anthony Davis,0.1689419795221843,0.3734939759036144,0.4522613065326633,0.5488599348534202,0.4118564742589704,0.6691176470588235,0.4450402144772118,0.4460753031269943,0.0210135970333745,0.0274390243902439,0.0918984280532043,0.1188895594447797,0.1155449672424061,0.0865384615384615,0.0370813397129186,0.1012956419316843,0.059322033898305,0.1998792270531401,0,0.1252246854403834
Will Allen,0.6809651474530831,0.7402680280791321,0.8053152039555006,0.7621951219512195,0.7609756097560976,0.8228536880290206,0.8881499395405078,0.8992154496077248,0.8593844296922148,0.7689100655151876,0.7200714711137582,0.6826923076923077,0.7109375,0.6979665071770335,0.65311004784689,0.6060070671378092,0.5671912832929782,0.5490314769975787,0,0.6286231884057971
Kevin Williams,0.1563517915309446,0.157566302652106,0.5838235294117647,0.4671581769436997,0.5666879387364391,0.7935723114956736,0.9597560975609756,0.971584038694075,0.9553409776704888,0.9428231089934485,0.9609375,0.9611244019138756,0.9110718492343934,0.8668280871670703,0.8321256038647343,0.8502097064110246,0.8169350029815146,0.8166172106824926,1,
Junior Seau,0.0562851782363977,0.4090056285178236,0.8122676579925651,0.9165085388994308,0.9565217391304348,0.9795221843003412,0.9931153184165232,0.9949748743718592,0.972312703583062,0.921996879875195,0.9463235294117648,0.9403485254691688,0.9329929802169752,0.9110012360939432,0.874390243902439,0.8168077388149939,0.7929993964996982,0.8564621798689697,0,0.8341346153846154
Chris Harris,0.7110036275695284,0.7990343995171998,0.8802858844550328,0.8449519230769231,0.8708133971291866,0.8987043580683156,0.8801452784503632,0.8523002421307506,0.7041062801932367,0.6129227053140096,0.7040143798681845,0.8562909958258795,0.9649851632047478,0.975366568914956,0.963785046728972,0.9508875739644972,0.9272510435301132,0.9213286713286714,0,0.8303622771707878
Corey Moore,0.4970588235294118,0.4912868632707775,0.4920229738353542,0.0210135970333745,0.0274390243902439,0.0326481257557436,0.0325890162945081,0.0327575938058368,0.0372596153846153,0.0370813397129186,0.0400471142520612,0.0405569007263922,0.0440821256038647,0.0437387657279808,0.0429338103756708,0.1329376854599406,0.5114369501466276,0.5911214953271028,0,0.6526627218934912
Jason Peters,0.4536585365853658,0.4836759371221282,0.4912492456246228,0.3609291244788564,0.125,0.2906698564593301,0.3480565371024735,0.3093220338983051,0.1968599033816425,0.2846015578190533,0.2027429934406678,0.2700296735905044,0.1401759530791788,0.1226635514018691,0.0343195266272189,0.0363744782349433,0.0256410256410256,0.0862564692351926,1,
Bobby Bell,0.9090909090909092,0.8759124087591241,0.9482758620689656,0.8592964824120602,0.8431372549019608,0.57847533632287,0.4273858921161825,0.0275590551181102,0.0183823529411764,0.0278745644599303,0.0462046204620462,0.0552147239263803,0.018348623853211,0.0118811881188118,0.0154440154440154,0.011090573012939,0.0183823529411764,0.1994047619047619,1,
Keith Smith,0.5957317073170731,0.6348246674727932,0.656004828002414,0.7891602144133413,0.7728365384615384,0.7667464114832536,0.472909305064782,0.2705811138014528,0.0440821256038647,0.0437387657279808,0.5462134764460346,0.5299703264094956,0.5519061583577712,0.625,0.642603550295858,0.717948717948718,0.6410256410256411,0.6423231742380678,0,0.4474940334128878
Steve Smith,0.1233243967828418,0.3075941289087428,0.3980222496909765,0.3896341463414634,0.3724304715840387,0.2957151478575739,0.3156640857653365,0.2890625,0.2836538461538461,0.1961722488038277,0.1955741626794258,0.1996466431095406,0.1996466431095406,0.2487893462469733,0.2941888619854721,0.3484299516908212,0.2822049131216297,0.3166368515205724,0,0.2255192878338278
James Jones,0.2720450281425891,0.3438661710037174,0.4174573055028463,0.3156899810964083,0.2883959044368601,0.1841652323580034,0.2747068676716918,0.3876221498371335,0.5273010920436817,0.7580882352941176,0.7171581769436998,0.6190172303765157,0.0210135970333745,0.0274390243902439,0.0326481257557436,0.0325890162945081,0.1042287075640262,0.1033653846153846,0,0.4988038277511962
Josh Thomas,0.4786585365853658,0.6299879081015719,0.6716958358479179,0.7027992852888624,0.6604567307692307,0.6190191387559809,0.519434628975265,0.4782082324455206,0.5984299516908212,0.6866387058118634,0.6535480023852117,0.5875370919881305,0.3648093841642228,0.2914719626168224,0.0343195266272189,0.0363744782349433,0.1165501165501165,0.0983323749281196,0,0.3389021479713603
Brandon Williams,0.1042287075640262,0.1033653846153846,0.1160287081339712,0.2597173144876325,0.2294188861985472,0.2524154589371981,0.10964649490713,0.1396045536249251,0.2731067382230173,0.3231961836612999,0.3210682492581602,0.2931750741839762,0.41524926686217,0.4527859237536656,0.4785923753665689,0.4725467289719626,0.4532710280373832,0.4621301775147929,0,0.4834319526627219
Nick Harris,0.1506097560975609,0.211608222490931,0.2190706095353047,0.0446694460988683,0.2253605769230769,0.3779904306220095,0.4140164899882214,0.3855932203389831,0.338768115942029,0.2396644697423607,0.0524746571258199,0.0409495548961424,0.039882697947214,0.0420560747663551,0.0343195266272189,0.0363744782349433,0.1165501165501165,0.1765382403680276,1,
John Thornton,0.0525328330206379,0.0669144981412639,0.0759013282732447,0.0699432892249527,0.0631399317406143,0.06368330464716,0.0586264656616415,0.0684039087947882,0.31201248049922,0.725735294117647,0.7459785522788204,0.6828334396936822,0.761433868974042,0.8317073170731707,0.9014510278113664,0.864212432106216,0.8451459201905897,0.7860576923076923,1,
Clay Matthews1,0.1139705882352941,0.3170731707317073,0.4653465346534653,0.3957055214723926,0.1972477064220183,0.2475247524752475,0.3204633204633205,0.4121996303142329,0.4154411764705882,0.6532738095238095,0.5622641509433962,0.6078799249530957,0.450281425891182,0.6078799249530957,0.5855018587360595,0.603415559772296,0.4291115311909262,0.3515358361774744,0,0.3390705679862306
