Player,Year1,Year2,Year3,Year4,Year5,Year6,Year7,Year8,Year9,Year10,Year11,Year12,Retire,NextPercentile
Art Monk,0.5595567867036011,0.8801089918256131,0.9169054441260746,0.940379403794038,0.9546599496221664,0.976,0.9826732673267328,0.9717138103161398,0.9653333333333334,0.966321243523316,0.954177897574124,0.9509043927648578,0,0.9276139410187668
Roy Green,0.1362397820163488,0.0914127423822714,0.6457765667574932,0.8424068767908309,0.964769647696477,0.9924433249370276,0.9786666666666668,0.9529702970297028,0.9284525790349416,0.952,0.9533678756476685,0.9407008086253368,0,0.8837209302325582
Cory Schlesinger,0.0242130750605326,0.0143540669856459,0.2068126520681265,0.3629807692307692,0.4851936218678815,0.397196261682243,0.5035128805620609,0.6423841059602649,0.731404958677686,0.7270875763747454,0.6380368098159509,0.4325481798715203,1,
Julian Edelman,0.3450413223140496,0.520746887966805,0.5813492063492064,0.5717017208413002,0.8280632411067194,0.9302788844621512,0.9529411764705882,0.9464627151051626,0.8194174757281554,0.8595505617977528,0.8360957642725598,0.9135135135135136,1,
Wesley Walker,0.6352201257861635,0.9228486646884272,0.983651226158038,0.9335180055401662,0.9182561307901907,0.9627507163323782,0.986449864498645,0.9798488664987406,0.9573333333333334,0.943069306930693,0.9384359400998336,0.8906666666666667,0,0.7901554404145078
James Brooks,0.3705722070844686,0.4527220630372492,0.5121951219512195,0.4584382871536523,0.664,0.844059405940594,0.9168053244592346,0.8773333333333333,0.8031088082901554,0.7547169811320755,0.7364341085271318,0.5093833780160858,1,
Jerome Barkum,0.411214953271028,0.8340425531914893,0.9588014981273408,0.9615384615384616,0.875,0.8584905660377359,0.8041543026706232,0.8610354223433242,0.778393351800554,0.8201634877384196,0.7851002865329513,0.7452574525745257,1,
Ozzie Newsome,0.486646884272997,0.8310626702997275,0.9196675900277008,0.9673024523160764,0.9799426934097422,0.989159891598916,0.9874055415617128,0.9653333333333334,0.938118811881188,0.9051580698835274,0.824,0.7797927461139896,0,0.7358490566037735
John Stallworth,0.4157303370786517,0.7097902097902098,0.803125,0.9088050314465408,0.9376854599406528,0.997275204359673,0.9529085872576176,0.9073569482288828,0.8853868194842407,0.8888888888888888,0.9571788413098236,0.9546666666666668,0,0.9702970297029704
Webster Slaughter,0.4207920792079208,0.870216306156406,0.8986666666666666,0.9507772020725388,0.9245283018867924,0.9715762273901808,0.9195710455764076,0.862533692722372,0.8125,0.864406779661017,0.8827751196172249,0.7347931873479319,0,0.6177884615384616
Emery Moorehead,0.270440251572327,0.3827893175074184,0.4577656675749318,0.2576177285318559,0.0463215258855585,0.6017191977077364,0.8265582655826558,0.929471032745592,0.872,0.849009900990099,0.8569051580698835,0.688,1,
Rob Gronkowski,0.4211618257261411,0.8869047619047619,0.9751434034416826,0.974308300395257,0.9641434262948207,0.992156862745098,0.9866156787762906,0.9805825242718448,0.9438202247191012,0.861878453038674,0.7441441441441441,0.8165467625899281,1,
Anthony Becht,0.25,0.6768149882903981,0.8101545253863135,0.8471074380165289,0.7413441955193483,0.6625766871165644,0.45610278372591,0.4190871369294606,0.3731958762886598,0.3698347107438016,0.2323651452282157,0.3134920634920635,1,
Amani Toomer,0.2177033492822966,0.5474452554744526,0.7908653846153846,0.8997722095671982,0.9532710280373832,0.981264637002342,0.9867549668874172,0.9896694214876032,0.979633401221996,0.9468302658486708,0.892933618843683,0.908713692946058,0,0.8886597938144329
J T Smith,0.4059945504087193,0.7479224376731302,0.9128065395095368,0.8882521489971347,0.8563685636856369,0.6372795969773299,0.72,0.8564356435643564,0.9750415973377704,0.9413333333333334,0.9455958549222798,0.876010781671159,1,
Marvin Jones,0.2753346080305927,0.7193675889328063,0.7091633466135459,0.8137254901960784,0.864244741873805,0.9786407766990292,0.9719101123595506,0.9613259668508288,0.9495495495495496,0.9658273381294964,0.9510357815442562,0.8215686274509804,1,
Russ Francis,0.6223776223776224,0.81875,0.8836477987421384,0.8664688427299704,0.8801089918256131,0.9058171745152356,0.7220708446866485,0.6446991404011462,0.4336043360433604,0.6473551637279596,0.6506666666666666,0.7920792079207921,0,0.8419301164725458
Steve Jordan 2,0.163323782234957,0.4417344173441734,0.7380352644836272,0.8026666666666666,0.8886138613861386,0.9217970049916804,0.9013333333333332,0.844559585492228,0.8544474393530997,0.8656330749354005,0.871313672922252,0.8571428571428571,0,0.7890625
David Hill,0.40625,0.7138364779874213,0.887240356083086,0.9155313351498636,0.8781163434903048,0.8310626702997275,0.828080229226361,0.7831978319783198,0.6675062972292192,0.448,0.5099009900990099,0.6672212978369384,1,
Desmond Clark,0.0273348519362186,0.4485981308411215,0.6463700234192038,0.7527593818984547,0.7066115702479339,0.6965376782077393,0.7116564417177914,0.8094218415417559,0.8630705394190872,0.8474226804123711,0.7644628099173554,0.6244813278008299,1,
Jason Dunn,0.4473684210526316,0.5936739659367397,0.6850961538461539,0.3507972665148063,0.2827102803738318,0.4637002341920375,0.5629139072847682,0.6136363636363636,0.5906313645621182,0.6114519427402862,0.550321199143469,0.4315352697095436,1,
Eddie Kennison,0.5430622009569378,0.7639902676399026,0.8389423076923077,0.8610478359908884,0.866822429906542,0.8875878220140515,0.911699779249448,0.9318181818181818,0.9674134419551936,0.967280163599182,0.9678800856531048,0.9066390041493776,0,0.6989690721649484
Vernon Davis,0.2591006423982869,0.6265560165975104,0.7546391752577319,0.9028925619834712,0.9481327800829876,0.9662698412698412,0.9292543021032504,0.9130434782608696,0.8844621513944223,0.8450980392156863,0.8260038240917782,0.8388349514563107,0,0.8651685393258427
Fred Mccrary,0.0944309927360774,0.0669856459330143,0.121654501216545,0.0625,0.3416856492027335,0.4789719626168224,0.5784543325526932,0.4944812362030905,0.396694214876033,0.4256619144602851,0.3885480572597137,0.4261241970021413,1,
Danny Amendola,0.2644628099173554,0.6576763485477178,0.7599206349206349,0.8145315487571702,0.8241106719367589,0.8366533864541833,0.8529411764705882,0.7877629063097514,0.8310679611650486,0.8333333333333334,0.8950276243093923,0.8972972972972973,0,0.8579136690647482
Antonio Gates,0.402892561983471,0.824847250509165,0.9631901840490796,0.9914346895074948,0.9854771784232366,0.9670103092783504,0.96900826446281,0.970954356846473,0.9761904761904762,0.9407265774378584,0.9209486166007904,0.9163346613545816,0,0.9254901960784314
Eric Metcalf,0.4041450777202072,0.6630727762803235,0.7932816537467701,0.7533512064343163,0.7681940700808625,0.78125,0.900726392251816,0.930622009569378,0.9318734793187348,0.84375,0.7699316628701595,0.5607476635514018,0,0.2763466042154566
Michael Irvin,0.5173333333333333,0.7772020725388601,0.8840970350404312,0.917312661498708,0.9892761394101875,1.0,1.0,0.9975786924939468,0.9880382775119616,0.9927007299270072,0.9639423076923076,0.9521640091116174,1,
Wesley Walls,0.0569948186528497,0.1239892183288409,0.3126614987080103,0.225201072386059,0.1347708894878706,0.4114583333333333,0.7167070217917676,0.9066985645933014,0.9221411192214112,0.9206730769230768,0.9271070615034168,0.8995327102803738,0,0.8852459016393442
Tim Brown 3,0.4826666666666667,0.6347150259067358,0.8274932614555256,0.8449612403100775,0.8981233243967829,0.9703504043126684,0.9817708333333334,0.9951573849878934,0.992822966507177,0.9951338199513382,0.966346153846154,0.9840546697038725,0,0.9813084112149532
Emmitt Smith,0.0026954177897574,0.0025839793281653,0.1849865951742627,0.5768194070080862,0.7604166666666666,0.7869249394673123,0.6291866028708134,0.5109489051094891,0.3557692307692308,0.4464692482915717,0.3504672897196261,0.4168618266978923,0,0.3973509933774834
Mark Ingram,0.1369047619047619,0.2982791586998088,0.4426877470355731,0.3525896414342629,0.5411764705882353,0.6959847036328872,0.8097087378640777,0.7584269662921348,0.7495395948434622,0.6306306306306306,0.6564748201438849,0.4350282485875706,1,
Jimmie Giles,0.2484276729559748,0.5133531157270029,0.8174386920980926,0.8808864265927978,0.9455040871934604,0.9312320916905444,0.907859078590786,0.8589420654911839,0.7866666666666666,0.8267326732673267,0.8618968386023295,0.7173333333333334,0,0.6813471502590673
Charle Young,0.7021276595744681,0.9325842696629212,0.986013986013986,0.940625,0.8081761006289309,0.6112759643916914,0.5395095367847411,0.6759002770083102,0.7438692098092643,0.7220630372492837,0.7723577235772358,0.6876574307304786,0,0.7333333333333333
Isaac Bruce,0.3854166666666667,0.847457627118644,0.971291866028708,0.9829683698296836,0.935096153846154,0.9567198177676538,0.9766355140186916,0.9859484777517564,0.9668874172185432,0.950413223140496,0.9470468431771896,0.9243353783231084,0,0.9143468950749464
Mack Strong,0.0026041666666666,0.0920096852300242,0.2631578947368421,0.4939172749391727,0.3822115384615384,0.296127562642369,0.2733644859813084,0.4402810304449648,0.5518763796909493,0.6239669421487604,0.6130346232179226,0.6523517382413088,0,0.4582441113490364
Rich Caster,0.81875,0.9578947368421052,0.9766355140186916,0.9829787234042552,0.99625468164794,0.9825174825174824,0.965625,0.9056603773584906,0.8249258160237388,0.7874659400544959,0.7867036011080333,0.6376021798365122,1,
Brian Finneran,0.1161731207289293,0.3177570093457944,0.7072599531615925,0.869757174392936,0.9028925619834712,0.845213849287169,0.8343558282208589,0.6552462526766595,0.487551867219917,0.1608247422680412,0.4070247933884297,0.5995850622406639,1,
Randall Cobb,0.369047619047619,0.7992351816443595,0.9150197628458498,0.9681274900398408,0.9666666666666668,0.977055449330784,0.9398058252427184,0.8913857677902621,0.8839779005524862,0.8648648648648649,0.8776978417266187,0.8342749529190208,0,0.7725490196078432
Reggie Rucker,0.7,0.5842105263157895,0.8177570093457944,0.9234042553191488,0.9775280898876404,0.958041958041958,0.9625,0.9528301886792452,0.9643916913946587,0.9645776566757494,0.9667590027700832,0.9264305177111716,1,
Steve Smith,0.3231850117096019,0.7593818984547461,0.9297520661157024,0.9124236252545824,0.9652351738241308,0.9807280513918628,1.0,0.9979381443298968,0.9834710743801652,0.9522821576763484,0.9325396825396826,0.9349904397705544,0,0.9644268774703556
Joe Horn,0.124401913875598,0.5036496350364964,0.7139423076923077,0.8428246013667426,0.9182242990654206,0.9836065573770492,0.9933774834437086,0.9834710743801652,0.9877800407331976,0.9550102249488752,0.9400428265524624,0.8506224066390041,1,
Anthony Fasano,0.15203426124197,0.4066390041493776,0.7319587628865979,0.7582644628099173,0.8236514522821576,0.8134920634920635,0.8604206500956023,0.8063241106719368,0.7569721115537849,0.7313725490196078,0.734225621414914,0.6194174757281553,1,
Charlie Joiner,0.8625,0.9526315789473684,0.9532710280373832,0.9106382978723404,0.8314606741573034,0.8986013986013986,0.975,0.981132075471698,0.9614243323442137,0.9482288828337876,0.961218836565097,0.9809264305177112,0,0.9742120343839542
Mike Tice,0.0980926430517711,0.1489971346704871,0.1924119241192411,0.3123425692695214,0.2426666666666666,0.4975247524752475,0.6222961730449251,0.5146666666666667,0.3575129533678756,0.1590296495956873,0.2583979328165374,0.4343163538873995,0,0.4878706199460916
Brian Mitchell 2,0.0161725067385444,0.0232558139534883,0.099195710455764,0.2991913746630728,0.4869791666666667,0.6198547215496368,0.6578947368421053,0.754257907542579,0.7740384615384616,0.7425968109339408,0.6495327102803738,0.667447306791569,0,0.5033112582781457
Don Warren,0.3106267029972752,0.5263157894736842,0.6975476839237057,0.7564469914040115,0.7913279132791328,0.783375314861461,0.6666666666666666,0.5816831683168316,0.6206322795341098,0.2426666666666666,0.3730569948186528,0.4932614555256064,0,0.5788113695090439
William Henderson,0.0653753026634382,0.2129186602870813,0.4476885644768856,0.5697115384615384,0.5375854214123007,0.5093457943925234,0.5526932084309133,0.6269315673289183,0.7148760330578512,0.7494908350305499,0.7914110429447853,0.69593147751606,1,
Herman Moore,0.2196382428940568,0.774798927613941,0.9407008086253368,0.9791666666666666,0.9878934624697336,0.9976076555023924,1.0,1.0,0.958997722095672,0.8785046728971962,0.7681498829039812,0.5960264900662252,1,
Pete Holohan,0.2070844686648501,0.160458452722063,0.4552845528455284,0.7229219143576826,0.8373333333333334,0.8589108910891089,0.8718801996672213,0.8533333333333334,0.8212435233160622,0.8328840970350404,0.7571059431524548,0.6863270777479893,1,
Irving Fryar,0.216624685138539,0.696,0.8762376237623762,0.961730449251248,0.9306666666666666,0.9196891191709844,0.921832884097035,0.937984496124031,0.967828418230563,0.981132075471698,0.9869791666666666,0.9854721549636803,0,0.9904306220095692
Ricky Proehl,0.5579514824797843,0.8578811369509044,0.8873994638069705,0.9029649595687332,0.8671875,0.8523002421307506,0.7583732057416268,0.7834549878345499,0.8798076923076923,0.876993166287016,0.8808411214953271,0.8618266978922716,0,0.8940397350993378
Mosi Tatupu,0.0435967302452316,0.0941828254847645,0.2479564032697547,0.1747851002865329,0.3170731707317073,0.3476070528967254,0.4373333333333333,0.4603960396039604,0.6256239600665557,0.416,0.4196891191709844,0.3153638814016172,1,
Keith Byars,0.0618811881188118,0.5158069883527454,0.632,0.810880829015544,0.8571428571428571,0.8036175710594315,0.7801608579088471,0.738544474393531,0.8046875,0.7675544794188862,0.7870813397129187,0.7396593673965937,0,0.7596153846153846
Kyle Brady,0.3438256658595641,0.4760765550239234,0.6058394160583942,0.6033653846153846,0.7084282460136674,0.7897196261682243,0.8290398126463701,0.8763796909492274,0.7768595041322314,0.7128309572301426,0.3926380368098159,0.3533190578158458,0,0.3796680497925311
Ricky Williams,0.1890660592255125,0.5467289719626168,0.6932084309133489,0.7792494481236203,0.7272727272727273,0.5743380855397149,0.3660531697341513,0.145610278372591,0.1804979253112033,0.2144329896907216,0.4917355371900826,0.6265560165975104,0,0.5932539682539683
Ken Burrough,0.65,0.7947368421052632,0.8785046728971962,0.9276595744680852,0.9363295880149812,0.9755244755244756,0.9875,1.0,0.9940652818991098,0.9754768392370572,0.8725761772853186,0.885558583106267,1,
Jason Witten,0.390495867768595,0.7169042769857433,0.901840490797546,0.9229122055674518,0.9564315352697096,0.9608247422680412,0.9772727272727272,0.9854771784232366,0.9722222222222222,0.9694072657743786,0.9545454545454546,0.954183266932271,0,0.9294117647058824
Randy Moss,0.7788461538461539,0.9498861047835992,1.0,0.9976580796252928,0.9955849889624724,0.9958677685950412,0.9979633401221996,0.9979550102249488,0.9528907922912204,0.9875518672199172,0.9855670103092784,0.9958677685950412,0,0.950207468879668
Shannon Sharpe,0.2695417789757412,0.6149870801033591,0.8096514745308311,0.908355795148248,0.9583333333333334,0.9636803874092008,0.944976076555024,0.9416058394160584,0.9615384615384616,0.9020501138952164,0.897196261682243,0.8524590163934426,0,0.9315673289183224
Henry Marshall,0.496875,0.7421383647798742,0.8753709198813057,0.8392370572207084,0.8753462603878116,0.8692098092643051,0.9369627507163324,0.948509485094851,0.9521410579345088,0.9146666666666666,0.8638613861386139,0.8735440931780366,1,
Howard Cross,0.1528497409326424,0.3261455525606469,0.5762273901808785,0.5817694369973191,0.7008086253369272,0.7630208333333334,0.784503631961259,0.715311004784689,0.5060827250608273,0.2908653846153846,0.2619589977220957,0.2593457943925233,0,0.2950819672131147
Darren Sproles,0.0797546012269938,0.0770877944325481,0.2302904564315352,0.5175257731958763,0.8099173553719008,0.8941908713692946,0.9444444444444444,0.9426386233269598,0.9387351778656128,0.9123505976095616,0.8372549019607843,0.8527724665391969,0,0.7398058252427184
Andre Reed,0.4533333333333333,0.8217821782178217,0.966722129783694,0.9573333333333334,0.9637305699481864,0.9514824797843666,0.9870801033591732,0.9597855227882036,0.967654986522911,0.9479166666666666,0.9152542372881356,0.9354066985645934,0,0.9099756690997568
James Lofton,0.6083086053412463,0.8692098092643051,0.9833795013850416,0.997275204359673,0.994269340974212,1.0,1.0,0.9946666666666668,0.9504950495049505,0.9650582362728786,0.9386666666666666,0.9378238341968912,0,0.8921832884097035
Marshawn Lynch,0.2240663900414937,0.5628865979381443,0.7045454545454546,0.6058091286307054,0.5456349206349206,0.5334608030592735,0.6936758893280632,0.6832669322709163,0.6352941176470588,0.4263862332695984,0.3728155339805825,0.3895131086142322,1,
Ahman Green,0.0192307692307692,0.0113895216400911,0.3738317757009345,0.702576112412178,0.8300220750551877,0.8533057851239669,0.8024439918533605,0.7934560327198364,0.6702355460385439,0.6514522821576764,0.5278350515463918,0.4690082644628099,1,
Zack Crockett,0.3050847457627119,0.4641148325358851,0.4257907542579075,0.1610576923076923,0.1116173120728929,0.2803738317757009,0.2927400468384075,0.1258278145695364,0.1776859504132231,0.3217922606924643,0.3967280163599182,0.3683083511777302,1,
Jimmy Kleinsasser,0.0022779043280182,0.0747663551401869,0.1990632318501171,0.6556291390728477,0.7727272727272727,0.7617107942973523,0.6646216768916156,0.3897216274089936,0.4730290456431535,0.554639175257732,0.6033057851239669,0.5705394190871369,0,0.4027777777777778
Brandon Marshall,0.3019271948608137,0.7800829875518672,0.9278350515463918,0.981404958677686,0.9813278008298756,0.984126984126984,0.982791586998088,0.9881422924901184,0.9820717131474104,0.9901960784313726,0.9617590822179732,0.9300970873786408,0,0.7902621722846442
Lorenzo Neal,0.0338541666666666,0.3268765133171913,0.430622009569378,0.4987834549878345,0.3677884615384615,0.4100227790432801,0.3878504672897196,0.4519906323185012,0.5165562913907285,0.506198347107438,0.4541751527494908,0.4519427402862985,0,0.4047109207708779
John Riggins,0.5368421052631579,0.6495327102803738,0.7361702127659574,0.7228464419475655,0.7412587412587412,0.746875,0.710691823899371,0.6795252225519288,0.7193460490463215,0.5290858725761773,0.4713896457765668,0.3495702005730659,0,0.3983739837398374
Jared Cook,0.1694214876033057,0.4979253112033195,0.7777777777777778,0.8508604206500956,0.8794466403162056,0.8824701195219123,0.8392156862745098,0.8202676864244742,0.7728155339805826,0.897003745318352,0.9502762430939228,0.9441441441441442,0,0.9262589928057554
Vincent Jackson,0.2433537832310838,0.6423982869379015,0.8485477178423236,0.931958762886598,0.9710743801652892,0.9626556016597512,0.9702380952380952,0.9808795411089866,0.9960474308300395,0.9860557768924304,0.9490196078431372,0.8623326959847036,1,
Hines Ward,0.3293269230769231,0.7015945330296127,0.8855140186915887,0.9133489461358314,0.977924944812362,0.9917355371900828,0.989816700610998,0.9918200408997956,0.9721627408993576,0.966804979253112,0.9567010309278352,0.962809917355372,0,0.9605809128630706
Garrison Hearst,0.0673854447439353,0.2369791666666666,0.4939467312348668,0.6124401913875598,0.6982968369829684,0.7884615384615384,0.6856492027334852,0.5,0.2576112412177986,0.543046357615894,0.6942148760330579,0.6252545824847251,1,
Ronnie Harmon,0.2029702970297029,0.7154742096505824,0.7626666666666667,0.8186528497409327,0.7816711590296496,0.7958656330749354,0.8123324396782842,0.8463611859838275,0.8984375,0.9079903147699758,0.8923444976076556,0.8369829683698297,1,
Julio Jones,0.5714285714285714,0.9158699808795412,0.9525691699604744,0.9760956175298804,0.9862745098039216,0.9980879541108988,0.9980582524271844,0.99812734082397,0.996316758747698,0.9891891891891892,0.960431654676259,0.8775894538606404,0,0.7705882352941177
Freeman Mcneil,0.1934604904632152,0.5157593123209169,0.5880758807588076,0.6700251889168766,0.6106666666666667,0.7648514851485149,0.8452579034941764,0.7893333333333333,0.689119170984456,0.6388140161725068,0.5503875968992248,0.4691689008042895,1,
Marcus Allen,0.5587392550143266,0.7046070460704607,0.9143576826196472,0.8933333333333333,0.8836633663366337,0.8985024958402662,0.7093333333333334,0.5958549222797928,0.4636118598382749,0.5116279069767442,0.6058981233243967,0.6765498652291105,0,0.7369791666666666
Pete Metzelaars,0.0601719197707736,0.2547425474254742,0.3879093198992443,0.4186666666666667,0.5470297029702971,0.632279534109817,0.6186666666666667,0.5803108808290155,0.6765498652291105,0.5968992248062015,0.6836461126005362,0.7978436657681941,0,0.8567708333333334
Rod Smith 2,0.3946731234866828,0.6411483253588517,0.8832116788321168,0.939903846153846,0.979498861047836,0.983644859813084,0.990632318501171,0.9911699779249448,0.9793388429752066,0.9755600814663952,0.9734151329243352,0.925053533190578,1,
Jerricho Cotchery,0.1914460285132382,0.4887525562372188,0.854389721627409,0.9377593360995852,0.9649484536082474,0.9483471074380164,0.9294605809128632,0.878968253968254,0.7839388145315488,0.8399209486166008,0.8645418326693227,0.9098039215686274,1,
Jonathan Hayes,0.0746666666666666,0.3366336633663366,0.7587354409317804,0.6826666666666666,0.6917098445595855,0.555256064690027,0.5426356589147286,0.4906166219839142,0.6199460916442049,0.5338541666666666,0.576271186440678,0.3157894736842105,1,
Tony Martin,0.1886792452830188,0.483204134366925,0.739946380697051,0.8032345013477089,0.9270833333333334,0.9443099273607748,0.9784688995215312,0.975669099756691,0.9951923076923076,0.9908883826879272,0.9602803738317756,0.9227166276346604,1,
Sammy Morris,0.1308411214953271,0.2786885245901639,0.5695364238410596,0.5909090909090909,0.6211812627291242,0.5357873210633947,0.449678800856531,0.3962655601659751,0.4824742268041237,0.609504132231405,0.6327800829875518,0.5099206349206349,1,
Mel Gray 2,0.7157894736842105,0.7149532710280374,0.902127659574468,0.9213483146067416,0.9895104895104896,0.99375,0.9937106918238994,0.973293768545994,0.9564032697547684,0.9141274238227148,0.8583106267029973,0.7335243553008596,1,
Dave Moore,0.1662198391420911,0.4150943396226415,0.59375,0.5907990314769975,0.631578947368421,0.6885644768856448,0.7524038461538461,0.7517084282460137,0.7453271028037384,0.7845433255269321,0.739514348785872,0.6425619834710744,0,0.5295315682281059
Frank Lewis,0.2052631578947368,0.602803738317757,0.8170212765957446,0.902621722846442,0.8846153846153846,0.8625,0.8270440251572327,0.8991097922848664,0.9455040871934604,0.9584487534626038,0.9645776566757494,0.9484240687679084,0,0.94579945799458
Stanley Morgan 2,0.5094339622641509,0.8397626112759644,0.9673024523160764,0.9861495844875346,0.9918256130790192,0.988538681948424,0.9701897018970188,0.9596977329974812,0.9306666666666666,0.9876237623762376,0.995008319467554,0.9786666666666668,0,0.9300518134715026
Marvin Harrison,0.5980861244019139,0.8491484184914841,0.9519230769230768,0.9817767653758542,0.9953271028037384,1.0,1.0,1.0,1.0,0.9959100204498976,0.9978586723768736,0.9730290456431536,0,0.934020618556701
Malcom Floyd,0.2097759674134419,0.1983640081799591,0.4903640256959314,0.5269709543568465,0.7793814432989691,0.8615702479338843,0.9232365145228216,0.9523809523809524,0.9445506692160612,0.9189723320158104,0.9183266932270916,0.8823529411764706,1,
Eric Moulds,0.3349282296650718,0.5255474452554745,0.8870192307692307,0.9544419134396356,0.9929906542056076,0.97423887587822,0.9823399558498896,0.975206611570248,0.9775967413441956,0.948875255623722,0.91220556745182,0.8879668049792531,1,
Hoby Brenner,0.1743869209809264,0.4412607449856733,0.7317073170731707,0.8765743073047859,0.9066666666666666,0.8688118811881188,0.8868552412645591,0.7253333333333334,0.7253886010362695,0.6792452830188679,0.7157622739018088,0.6407506702412868,0,0.6738544474393531
Tony Gonzalez,0.3503649635036496,0.5913461538461539,0.8291571753986332,0.9135514018691588,0.9718969555035128,0.9713024282560706,0.9710743801652892,0.9837067209775968,0.98159509202454,0.9700214132762311,0.9647302904564315,0.981443298969072,0,0.9793388429752066
Frank Gore,0.1574642126789366,0.5032119914346895,0.7551867219917012,0.8103092783505155,0.8285123966942148,0.8153526970954357,0.7619047619047619,0.6978967495219885,0.6343873517786561,0.6195219123505976,0.6098039215686275,0.7380497131931166,0,0.7495145631067961
Johnnie Morton,0.2265625,0.6561743341404358,0.8492822966507177,0.9172749391727494,0.9423076923076924,0.9772209567198178,0.9626168224299064,0.9648711943793912,0.9205298013245032,0.9359504132231404,0.8981670061099797,0.8813905930470347,1,
Mark Bruener,0.3196125907990315,0.5287081339712919,0.6447688564476886,0.6201923076923077,0.5763097949886105,0.6588785046728972,0.6487119437939111,0.6048565121412803,0.4752066115702479,0.4562118126272912,0.4417177914110429,0.5096359743040685,0,0.3547717842323651
Santana Moss,0.3395784543325527,0.695364238410596,0.9049586776859504,0.9531568228105908,0.9877300613496932,0.9850107066381156,0.9688796680497924,0.9463917525773196,0.9421487603305784,0.95850622406639,0.9345238095238096,0.9235181644359464,0,0.8715415019762845
Brandon Stokley,0.3690205011389522,0.6378504672897196,0.8056206088992974,0.8167770419426048,0.7975206611570248,0.8859470468431772,0.9141104294478528,0.8907922912205567,0.8568464730290456,0.843298969072165,0.9111570247933884,0.8651452282157677,0,0.7261904761904762
Muhsin Muhammad,0.3971291866028708,0.656934306569343,0.8413461538461539,0.908883826879271,0.955607476635514,0.927400468384075,0.9183222958057397,0.871900826446281,0.955193482688391,0.9406952965235174,0.9593147751605996,0.921161825726141,0,0.9257731958762888
Jackie Harris,0.1509433962264151,0.4573643410852713,0.7024128686327078,0.8355795148247979,0.8697916666666666,0.8498789346246973,0.7703349282296651,0.7201946472019465,0.7668269230769231,0.7744874715261959,0.7663551401869159,0.7377049180327869,1,
Curtis Conway,0.3018867924528302,0.6979166666666666,0.9394673123486684,0.9617224880382776,0.948905109489051,0.8966346153846154,0.835990888382688,0.8598130841121495,0.8992974238875878,0.9514348785871964,0.944214876033058,0.8920570264765784,1,
Ottis Anderson,0.3678474114441417,0.5872576177285319,0.6948228882833788,0.5931232091690545,0.6693766937669376,0.7481108312342569,0.7706666666666667,0.6262376237623762,0.5607321131447587,0.1706666666666666,0.3601036269430052,0.4986522911051212,0,0.524547803617571
Cliff Branch,0.1355140186915887,0.5404255319148936,0.951310861423221,0.993006993006993,1.0,0.9968553459119496,0.9881305637982196,0.9591280653950952,0.969529085872576,0.9564032697547684,0.968481375358166,0.97289972899729,0,0.9496221662468514
Thurman Thomas,0.1786666666666666,0.6139896373056994,0.8059299191374663,0.8863049095607235,0.8552278820375335,0.8301886792452831,0.7942708333333334,0.7602905569007264,0.7488038277511961,0.6861313868613139,0.6971153846153846,0.6355353075170843,0,0.616822429906542
Haven Moses,0.925,0.9210526315789472,0.9345794392523364,0.948936170212766,0.9250936329588016,0.9405594405594404,0.9375,0.9276729559748428,0.940652818991098,0.9618528610354224,0.9418282548476454,0.8719346049046321,1,
Walter Payton,0.4160839160839161,0.56875,0.7452830188679245,0.8189910979228486,0.8528610354223434,0.853185595567867,0.6839237057220708,0.7106017191977078,0.7479674796747967,0.7858942065491183,0.728,0.7202970297029703,0,0.831946755407654
Ed Mccaffrey,0.2377260981912144,0.5951742627345844,0.7654986522911051,0.796875,0.7796610169491526,0.8325358851674641,0.8759124087591241,0.9278846153846154,0.9681093394077448,0.9906542056074766,0.9484777517564404,0.9536423841059604,0,0.8409090909090909
Kevin Faulk,0.1184510250569476,0.3785046728971962,0.5480093676814989,0.6512141280353201,0.7231404958677686,0.745417515274949,0.6993865030674846,0.6895074946466809,0.7385892116182573,0.8268041237113402,0.8223140495867769,0.7676348547717843,0,0.5654761904761905
Rodney Holman,0.1862464183381088,0.3712737127371274,0.5541561712846348,0.6933333333333334,0.806930693069307,0.9118136439267888,0.8586666666666667,0.9067357512953368,0.9029649595687332,0.9018087855297158,0.8310991957104558,0.7250673854447439,0,0.6328125
Tony Richardson,0.2296650717703349,0.4233576642335766,0.4735576923076923,0.4373576309794988,0.4252336448598131,0.629976580796253,0.6467991169977925,0.6177685950413223,0.5336048879837068,0.4969325153374233,0.556745182012848,0.5954356846473029,0,0.4432989690721649
A J Green,0.621031746031746,0.9120458891013384,0.9940711462450592,0.9880478087649402,0.9941176470588236,0.9789674952198852,0.9864077669902912,0.947565543071161,0.8268876611418048,0.7081081081081081,0.7877697841726619,0.8832391713747646,1,
Lesean Mccoy,0.3367768595041322,0.7302904564315352,0.8472222222222222,0.8776290630975143,0.883399209486166,0.8247011952191236,0.7411764705882353,0.6940726577437859,0.7980582524271844,0.8202247191011236,0.7440147329650092,0.563963963963964,1,
Derrick Mason,0.1143552311435523,0.5600961538461539,0.7107061503416856,0.8411214953271028,0.9203747072599532,0.9735099337748344,0.987603305785124,0.9857433808553973,0.985685071574642,0.9464668094218416,0.946058091286307,0.9422680412371134,0,0.9731404958677686
Brian Kozlowski,0.03125,0.0799031476997578,0.2799043062200957,0.4695863746958637,0.6322115384615384,0.621867881548975,0.6425233644859814,0.7236533957845434,0.7152317880794702,0.6900826446280992,0.5885947046843177,0.5685071574642127,0,0.3961456102783726
Mark Carrier 2,0.6356073211314476,0.8186666666666667,0.9585492227979274,0.9622641509433962,0.9431524547803618,0.8847184986595175,0.9002695417789758,0.9322916666666666,0.9588377723970944,0.9425837320574164,0.9124087591240876,0.8461538461538461,1,
Joey Galloway,0.612590799031477,0.8564593301435407,0.97323600973236,0.9831730769230768,0.9703872437357632,0.8925233644859814,0.8266978922716628,0.891832229580574,0.9380165289256198,0.9266802443991852,0.9570552147239264,0.9785867237687366,0,0.9937759336099584
Ike Hilliard,0.2506082725060827,0.6370192307692307,0.8542141230068337,0.9392523364485982,0.9508196721311476,0.9271523178807948,0.8760330578512396,0.7780040733197556,0.7648261758691206,0.7537473233404711,0.8195020746887967,0.8391752577319588,1,
Antonio Brown,0.2738589211618257,0.7757936507936508,0.9101338432122372,0.9802371541501976,0.99402390438247,1.0,1.0,1.0,1.0,0.9797421731123388,0.9333333333333332,0.85431654676259,1,
Bruce Hardy,0.1097922848664688,0.4741144414168937,0.6177285318559557,0.670299727520436,0.5530085959885387,0.5609756097560976,0.6322418136020151,0.7093333333333334,0.75,0.8402662229617305,0.6586666666666666,0.4896373056994819,1,
Todd Heap,0.1873536299765808,0.7417218543046358,0.8822314049586777,0.90020366598778,0.8773006134969326,0.8993576017130621,0.8900414937759336,0.845360824742268,0.8347107438016529,0.8713692946058091,0.8492063492063492,0.762906309751434,1,
Billy Johnson,0.5243445692883895,0.7272727272727273,0.9,0.8962264150943396,0.8219584569732937,0.6975476839237057,0.590027700831025,0.4768392370572207,0.2492836676217765,0.4498644986449864,0.7581863979848866,0.8853333333333333,0,0.8044554455445545
Drew Hill,0.2779291553133515,0.6011080332409973,0.8010899182561307,0.7765042979942693,0.5582655826558266,0.6272040302267002,0.8826666666666667,0.9851485148514852,0.9983361064891848,0.9946666666666668,0.9896373056994818,0.981132075471698,0,0.9612403100775194
Emmanuel Sanders,0.3402489626556016,0.6190476190476191,0.7915869980879541,0.8517786561264822,0.9362549800796812,0.9803921568627452,0.9847036328871892,0.9631067961165048,0.9419475655430712,0.9429097605893186,0.9423423423423424,0.9316546762589928,1,
Isaac Curtis,0.723404255319149,0.947565543071161,0.9965034965034965,0.990625,0.959119496855346,0.9436201780415432,0.9318801089918256,0.922437673130194,0.9100817438692098,0.8710601719197708,0.8780487804878049,0.8035264483627204,1,
Plaxico Burress,0.2009345794392523,0.7189695550351288,0.9293598233995584,0.956611570247934,0.9511201629327902,0.9447852760736196,0.9507494646680942,0.979253112033195,0.9505154639175256,0.8409090909090909,0.3858921161825726,0.4801587301587302,0,0.6615678776290631
Delanie Walker,0.171306209850107,0.4211618257261411,0.6474226804123712,0.6508264462809917,0.6369294605809128,0.6388888888888888,0.7036328871892925,0.7628458498023716,0.8386454183266933,0.9274509803921568,0.9445506692160612,0.9553398058252428,0,0.8576779026217228
Raymond Chester,0.94375,0.9421052631578948,0.9626168224299064,0.9319148936170212,0.898876404494382,0.8531468531468531,0.9125,0.9182389937106918,0.8635014836795252,0.9019073569482288,0.8448753462603878,0.7929155313351499,1,
Greg Olsen,0.3485477178423236,0.6783505154639176,0.8739669421487604,0.8402489626556017,0.8333333333333334,0.869980879541109,0.924901185770751,0.950199203187251,0.9588235294117649,0.9732313575525812,0.9359223300970874,0.8857677902621723,0,0.8379373848987108
Harold Carmichael,0.4894736842105263,0.6542056074766355,0.9617021276595744,1.0,1.0,0.98125,0.9654088050314464,0.9762611275964392,0.994550408719346,0.9889196675900276,0.9536784741144414,0.9283667621776504,0,0.9051490514905148
Thomas Jones,0.0957943925233644,0.3185011709601874,0.4966887417218543,0.5371900826446281,0.6904276985743381,0.7280163599182005,0.7451820128479657,0.6763485477178424,0.7072164948453609,0.6735537190082644,0.6182572614107884,0.5138888888888888,1,
Reggie Wayne,0.4215456674473068,0.7328918322295805,0.9132231404958676,0.9735234215885948,0.983640081799591,0.9935760171306208,0.983402489626556,0.9958762886597938,0.9979338842975206,0.9979253112033196,0.9940476190476192,0.9923518164435946,0,0.9466403162055336
Earnest Byner,0.2090680100755667,0.5146666666666667,0.7128712871287128,0.8635607321131448,0.84,0.8419689119170984,0.7601078167115903,0.7338501291989664,0.7158176943699732,0.7142857142857143,0.6484375,0.7070217917675545,0,0.7200956937799043
Tony Galbreath,0.5375,0.6886792452830188,0.884272997032641,0.888283378746594,0.8919667590027701,0.7356948228882834,0.6389684813753582,0.4769647696476964,0.6070528967254408,0.7306666666666667,0.7945544554455446,0.8469217970049917,1,
Tony Dorsett,0.3962264150943396,0.6973293768545994,0.8283378746594006,0.8060941828254847,0.7029972752043597,0.667621776504298,0.6666666666666666,0.7279596977329975,0.7653333333333333,0.7772277227722773,0.8153078202995009,0.576,1,
Jerry Rice,0.5333333333333333,0.9257425742574258,1.0,1.0,1.0,1.0,1.0,1.0,0.9973045822102424,0.9973958333333334,1.0,1.0,0,0.951338199513382
Riley Odoms,0.4065420560747663,0.8127659574468085,0.9662921348314608,0.965034965034965,0.94375,0.9119496855345912,0.9258160237388724,0.9346049046321526,0.9168975069252078,0.8637602179836512,0.7793696275071633,0.6747967479674797,1,
Benjamin Watson,0.1242362525458248,0.4907975460122699,0.7259100642398287,0.7966804979253111,0.7298969072164948,0.7789256198347108,0.8360995850622407,0.871031746031746,0.8738049713193117,0.8003952569169961,0.7390438247011952,0.8,0,0.6596558317399618
Steve Tasker,0.08,0.1064356435643564,0.2129783693843594,0.0133333333333333,0.0155440414507772,0.3099730458221024,0.5607235142118863,0.6809651474530831,0.601078167115903,0.4192708333333333,0.5302663438256658,0.5669856459330144,1,
Quinn Early,0.24,0.4481865284974093,0.660377358490566,0.7441860465116279,0.8659517426273459,0.9137466307277629,0.9557291666666666,0.9685230024213076,0.9569377990430622,0.9708029197080292,0.8918269230769231,0.8223234624145785,1,
Larry Centers,0.0723514211886304,0.3672922252010724,0.6657681940700808,0.8307291666666666,0.8958837772397095,0.9282296650717704,0.8905109489051095,0.8485576923076923,0.7835990888382688,0.7616822429906542,0.7611241217798594,0.7858719646799117,0,0.7210743801652892
Greg Pruitt 2,0.2638297872340425,0.5730337078651685,0.7587412587412588,0.840625,0.8710691823899371,0.8545994065281899,0.8038147138964578,0.775623268698061,0.7656675749318801,0.7822349570200573,0.5691056910569106,0.3324937027707808,1,
Marcus Pollard,0.2703349282296651,0.4890510948905109,0.7644230769230769,0.7334851936218679,0.764018691588785,0.8571428571428571,0.9094922737306844,0.9090909090909092,0.8533604887983707,0.8670756646216768,0.7922912205567452,0.7842323651452282,1,
Reggie Kelly 2,0.3302961275626423,0.5514018691588785,0.6627634660421545,0.6291390728476821,0.5661157024793388,0.5417515274949084,0.4171779141104294,0.5417558886509636,0.6348547717842323,0.6845360824742268,0.4400826446280991,0.3257261410788382,0,0.1527777777777778
Andre Roberts,0.2821576763485477,0.6051587301587301,0.8451242829827916,0.8754940711462451,0.8585657370517928,0.7607843137254902,0.7533460803059273,0.6155339805825243,0.6067415730337079,0.4640883977900552,0.4288288288288288,0.5251798561151079,1,
David Patten,0.3333333333333333,0.5889423076923077,0.7266514806378133,0.677570093457944,0.7892271662763466,0.9006622516556292,0.8925619834710744,0.9063136456211812,0.8302658486707567,0.8265524625267666,0.7717842323651453,0.7855670103092783,1,
Steven Jackson,0.2586558044806517,0.5787321063394683,0.8372591006423983,0.8008298755186722,0.8247422680412371,0.7830578512396694,0.8257261410788381,0.7916666666666666,0.7820267686424475,0.7252964426877471,0.6812749003984063,0.6490196078431373,1,
