PLAYER NAME,PERCENTILE
Aaron Elling,0.1428571428571428
Aaron Elling,0.2142857142857142
Aaron Elling,0.2888888888888888
Adam Vinatieri,0.1212121212121212
Adam Vinatieri,0.2857142857142857
Adam Vinatieri,1.0
Adam Vinatieri,0.9487179487179488
Adam Vinatieri,0.6666666666666666
Adam Vinatieri,0.6097560975609756
Adam Vinatieri,0.8444444444444444
Adam Vinatieri,0.8095238095238095
Adam Vinatieri,0.7619047619047619
Adam Vinatieri,0.5555555555555556
Adam Vinatieri,0.4473684210526316
Adam Vinatieri,0.35
Adam Vinatieri,0.4146341463414634
Adam Vinatieri,0.3720930232558139
Adam Vinatieri,0.5227272727272727
Adam Vinatieri,0.4473684210526316
Adam Vinatieri,0.7777777777777778
Adam Vinatieri,0.8285714285714286
Adam Vinatieri,0.8333333333333334
Adam Vinatieri,0.9230769230769232
Adam Vinatieri,0.8888888888888888
Adam Vinatieri,0.9772727272727272
Adam Vinatieri,0.9761904761904762
Adam Vinatieri,0.6428571428571429
Al Del Greco,0.1428571428571428
Al Del Greco,0.4102564102564102
Al Del Greco,0.5897435897435898
Al Del Greco,0.6666666666666666
Al Del Greco,0.5128205128205128
Al Del Greco,0.4444444444444444
Al Del Greco,0.4375
Al Del Greco,0.6363636363636364
Al Del Greco,0.75
Al Del Greco,0.9
Al Del Greco,0.9090909090909092
Al Del Greco,0.9166666666666666
Al Del Greco,0.9090909090909092
Al Del Greco,0.9428571428571428
Al Del Greco,0.918918918918919
Al Del Greco,0.9230769230769232
Al Del Greco,0.9523809523809524
Aldrick Rosas,0.1590909090909091
Aldrick Rosas,0.3571428571428571
Aldrick Rosas,0.6666666666666666
Aldrick Rosas,0.7346938775510204
Aldrick Rosas,0.48
Alex Henery,0.1052631578947368
Alex Henery,0.1944444444444444
Alex Henery,0.8571428571428571
Alex Henery,0.2777777777777778
Ali Haji-Sheikh,0.1714285714285714
Ali Haji-Sheikh,0.3142857142857143
Ali Haji-Sheikh,0.5641025641025641
Ali Haji-Sheikh,0.5128205128205128
Ali Haji-Sheikh,0.65
Benny Ricardo,0.1481481481481481
Benny Ricardo,0.1935483870967742
Benny Ricardo,0.3125
Benny Ricardo,0.4324324324324324
Benny Ricardo,0.5882352941176471
Benny Ricardo,0.3939393939393939
Benny Ricardo,0.3421052631578947
Benny Ricardo,0.3428571428571428
Benny Ricardo,0.2857142857142857
Bill Bell,0.3333333333333333
Bill Bell,0.3888888888888889
Bill Bell,0.5
Bill Capece,0.1818181818181818
Bill Capece,0.4736842105263157
Bill Capece,0.7714285714285715
Bill Gramatica,0.1463414634146341
Bill Gramatica,0.3555555555555555
Bill Gramatica,0.4047619047619047
Bill Gramatica,0.3095238095238095
Bill McClard,0.1666666666666666
Bill McClard,0.3636363636363636
Bill McClard,0.75
Bill McClard,0.6956521739130435
Billy Cundiff,0.1555555555555555
Billy Cundiff,0.2857142857142857
Billy Cundiff,0.5714285714285714
Billy Cundiff,0.4888888888888889
Billy Cundiff,0.2105263157894736
Billy Cundiff,0.1
Billy Cundiff,0.024390243902439
Billy Cundiff,0.1395348837209302
Billy Cundiff,0.2727272727272727
Billy Cundiff,0.6578947368421053
Billy Cundiff,0.3055555555555556
Billy Cundiff,0.3428571428571428
Billy Cundiff,0.25
Blair Walsh,0.1111111111111111
Blair Walsh,0.2
Blair Walsh,0.75
Blair Walsh,0.717948717948718
Blair Walsh,0.4722222222222222
Blair Walsh,0.4545454545454545
Bob Thomas,0.2608695652173913
Bob Thomas,0.4444444444444444
Bob Thomas,0.7741935483870968
Bob Thomas,0.8125
Bob Thomas,0.7567567567567568
Bob Thomas,0.7058823529411765
Bob Thomas,0.4545454545454545
Bob Thomas,0.5789473684210527
Bob Thomas,0.5428571428571428
Bob Thomas,0.6285714285714286
Bob Thomas,0.5128205128205128
Bob Thomas,0.4871794871794871
Bobby Howfield,0.7692307692307693
Bobby Howfield,0.5555555555555556
Bobby Howfield,0.6666666666666666
Bobby Howfield,0.5909090909090909
Bobby Howfield,0.625
Brad Daluiso,0.0303030303030303
Brad Daluiso,0.0625
Brad Daluiso,0.1333333333333333
Brad Daluiso,0.2121212121212121
Brad Daluiso,0.4166666666666667
Brad Daluiso,0.8787878787878788
Brad Daluiso,0.4857142857142857
Brad Daluiso,0.5405405405405406
Brad Daluiso,0.4358974358974359
Brad Daluiso,0.5
Brad Daluiso,0.4390243902439024
Brett Conway,0.1282051282051282
Brett Conway,0.3333333333333333
Brett Conway,0.5121951219512195
Brett Conway,0.5777777777777777
Brett Conway,0.5238095238095238
Brett Maher,0.1428571428571428
Brett Maher,0.2619047619047619
Brett Maher,0.3061224489795918
Brett Maher,0.38
Brett Maher,0.3695652173913043
Brett Maher,0.813953488372093
Caleb Sturgis,0.0857142857142857
Caleb Sturgis,0.1666666666666666
Caleb Sturgis,0.4871794871794871
Caleb Sturgis,0.5555555555555556
Caleb Sturgis,0.5454545454545454
Caleb Sturgis,0.4047619047619047
Cary Blanchard,0.09375
Cary Blanchard,0.2
Cary Blanchard,0.1818181818181818
Cary Blanchard,0.25
Cary Blanchard,0.303030303030303
Cary Blanchard,1.0
Cary Blanchard,0.7027027027027027
Cary Blanchard,0.4615384615384615
Cary Blanchard,0.4761904761904761
Chandler Catanzaro,0.1111111111111111
Chandler Catanzaro,0.3333333333333333
Chandler Catanzaro,0.6111111111111112
Chandler Catanzaro,0.7045454545454546
Chandler Catanzaro,0.4761904761904761
Chester Marcol,0.2222222222222222
Chester Marcol,0.4090909090909091
Chester Marcol,0.8333333333333334
Chester Marcol,0.6521739130434783
Chester Marcol,0.6666666666666666
Chester Marcol,0.5161290322580645
Chester Marcol,0.625
Chester Marcol,0.6756756756756757
Chester Marcol,0.4411764705882353
Chip Lohmiller,0.2307692307692307
Chip Lohmiller,0.3055555555555556
Chip Lohmiller,0.6875
Chip Lohmiller,0.8181818181818182
Chip Lohmiller,0.9375
Chip Lohmiller,0.7666666666666667
Chip Lohmiller,0.6666666666666666
Chip Lohmiller,0.3611111111111111
Chip Lohmiller,0.4545454545454545
Chris Bahr,0.1851851851851851
Chris Bahr,0.3548387096774194
Chris Bahr,0.9375
Chris Bahr,0.918918918918919
Chris Bahr,0.8529411764705882
Chris Bahr,0.6363636363636364
Chris Bahr,0.5526315789473685
Chris Bahr,0.6285714285714286
Chris Bahr,0.7142857142857143
Chris Bahr,0.8205128205128205
Chris Bahr,0.9230769230769232
Chris Bahr,0.8666666666666667
Chris Bahr,0.5384615384615384
Chris Bahr,0.3888888888888889
Chris Boniol,0.1212121212121212
Chris Boniol,0.2777777777777778
Chris Boniol,0.7575757575757576
Chris Boniol,0.6857142857142857
Chris Boniol,0.5135135135135135
Chris Boniol,0.358974358974359
Chris Jacke,0.1666666666666666
Chris Jacke,0.25
Chris Jacke,0.9696969696969696
Chris Jacke,0.84375
Chris Jacke,0.8333333333333334
Chris Jacke,0.7575757575757576
Chris Jacke,0.5277777777777778
Chris Jacke,0.5757575757575758
Chris Jacke,0.3142857142857143
Chris Jacke,0.3243243243243243
Chris Jacke,0.282051282051282
Chuck Nelson,0.1142857142857142
Chuck Nelson,0.2285714285714285
Chuck Nelson,0.3333333333333333
Chuck Nelson,0.3333333333333333
Chuck Nelson,0.5666666666666667
Chuck Nelson,0.717948717948718
Cody Parkey,0.1388888888888889
Cody Parkey,0.2564102564102564
Cody Parkey,0.2777777777777778
Cody Parkey,0.3863636363636363
Cody Parkey,0.5238095238095238
Cody Parkey,0.4761904761904761
Cody Parkey,0.5918367346938775
Cody Parkey,0.42
Cole Ford,0.1111111111111111
Cole Ford,0.1818181818181818
Cole Ford,0.4285714285714285
Connor Barth,0.1219512195121951
Connor Barth,0.2093023255813953
Connor Barth,0.3409090909090909
Connor Barth,0.5789473684210527
Connor Barth,0.9166666666666666
Connor Barth,0.2285714285714285
Connor Barth,0.1944444444444444
Connor Barth,0.282051282051282
Connor Barth,0.3055555555555556
Connor Barth,0.4090909090909091
Craig Hentrich,0.0555555555555555
Craig Hentrich,0.0
Craig Hentrich,0.0571428571428571
Craig Hentrich,0.027027027027027
Craig Hentrich,0.0
Craig Hentrich,0.0
Craig Hentrich,0.024390243902439
Craig Hentrich,0.0444444444444444
Craig Hentrich,0.119047619047619
Craig Hentrich,0.1904761904761904
Dan Bailey,0.0789473684210526
Dan Bailey,0.2222222222222222
Dan Bailey,0.9142857142857144
Dan Bailey,0.9444444444444444
Dan Bailey,0.8717948717948718
Dan Bailey,0.8611111111111112
Dan Bailey,0.6590909090909091
Dan Bailey,0.6428571428571429
Dan Bailey,0.5238095238095238
Dan Bailey,0.6326530612244898
Dan Carpenter,0.1707317073170731
Dan Carpenter,0.3023255813953488
Dan Carpenter,0.7954545454545454
Dan Carpenter,0.9210526315789472
Dan Carpenter,0.6944444444444444
Dan Carpenter,0.7428571428571429
Dan Carpenter,0.7777777777777778
Dan Carpenter,0.8461538461538461
Dan Carpenter,0.7222222222222222
Dave Green,0.0434782608695652
Dave Green,0.2962962962962963
Dave Green,0.4193548387096774
Dave Green,0.40625
Dave Jacobs,0.081081081081081
Dave Jacobs,0.0588235294117647
Dave Jacobs,0.2121212121212121
Dave Jacobs,0.0263157894736842
Dave Jacobs,0.0857142857142857
Dave Jacobs,0.0285714285714285
Dave Jacobs,0.0256410256410256
Dave Jacobs,0.0256410256410256
Dave Jacobs,0.1666666666666666
Dave Rayner,0.0222222222222222
Dave Rayner,0.0526315789473684
Dave Rayner,0.25
Dave Rayner,0.3414634146341463
Dave Rayner,0.2325581395348837
Dave Rayner,0.2272727272727272
Dave Rayner,0.1578947368421052
David Akers,0.081081081081081
David Akers,0.2051282051282051
David Akers,0.4047619047619047
David Akers,0.5853658536585366
David Akers,0.9555555555555556
David Akers,0.9285714285714286
David Akers,0.9761904761904762
David Akers,0.9777777777777776
David Akers,1.0
David Akers,0.6
David Akers,0.4390243902439024
David Akers,0.5348837209302325
David Akers,0.75
David Akers,0.9736842105263158
David Akers,0.8055555555555556
David Akers,0.4857142857142857
David Ray,0.8461538461538461
David Ray,0.7777777777777778
David Ray,0.7777777777777778
David Ray,0.7727272727272727
David Ray,0.6666666666666666
David Treadwell,0.1111111111111111
David Treadwell,0.1875
David Treadwell,0.3333333333333333
David Treadwell,0.3125
David Treadwell,0.3
David Treadwell,0.4242424242424242
David Trout,0.1212121212121212
David Trout,0.1578947368421052
David Trout,0.1428571428571428
David Trout,0.0285714285714285
David Trout,0.0256410256410256
David Trout,0.0256410256410256
David Trout,0.0
Dean Biasucci,0.1142857142857142
Dean Biasucci,0.1794871794871795
Dean Biasucci,0.3076923076923077
Dean Biasucci,0.5833333333333334
Dean Biasucci,0.8461538461538461
Dean Biasucci,0.9444444444444444
Dean Biasucci,0.96875
Dean Biasucci,0.6666666666666666
Dean Biasucci,0.34375
Dean Biasucci,0.3666666666666666
Dean Biasucci,0.4545454545454545
Dean Biasucci,0.5
Dennis Partee,0.5
Dennis Partee,0.5555555555555556
Dennis Partee,0.6363636363636364
Dennis Partee,0.5833333333333334
Donald Igwebuike,0.2051282051282051
Donald Igwebuike,0.358974358974359
Donald Igwebuike,0.7333333333333333
Donald Igwebuike,0.7692307692307693
Donald Igwebuike,0.8333333333333334
Donald Igwebuike,0.90625
Doug Brien,0.0909090909090909
Doug Brien,0.2222222222222222
Doug Brien,0.5454545454545454
Doug Brien,0.7714285714285715
Doug Brien,0.972972972972973
Doug Brien,0.9743589743589745
Doug Brien,1.0
Doug Brien,0.7317073170731707
Doug Brien,0.4666666666666667
Doug Brien,0.5
Doug Brien,0.7857142857142857
Doug Brien,0.6222222222222222
Doug Pelfrey,0.0333333333333333
Doug Pelfrey,0.303030303030303
Doug Pelfrey,0.7777777777777778
Doug Pelfrey,0.696969696969697
Doug Pelfrey,0.4
Doug Pelfrey,0.4324324324324324
Doug Pelfrey,0.3846153846153846
Eddie Murray,0.1470588235294117
Eddie Murray,0.3333333333333333
Eddie Murray,0.9736842105263158
Eddie Murray,1.0
Eddie Murray,0.9142857142857144
Eddie Murray,0.9487179487179488
Eddie Murray,0.8717948717948718
Eddie Murray,0.9333333333333332
Eddie Murray,0.8717948717948718
Eddie Murray,0.9722222222222222
Eddie Murray,0.9375
Eddie Murray,0.7878787878787878
Eddie Murray,0.40625
Eddie Murray,0.7333333333333333
Eddie Murray,0.696969696969697
Eddie Murray,0.6388888888888888
Eddie Murray,0.2424242424242424
Eddie Murray,0.2285714285714285
Eddie Murray,0.1351351351351351
Eddie Murray,0.2307692307692307
Eddie Murray,0.2857142857142857
Efren Herrera,0.2083333333333333
Efren Herrera,0.1304347826086956
Efren Herrera,0.4814814814814814
Efren Herrera,0.4838709677419355
Efren Herrera,1.0
Efren Herrera,0.945945945945946
Efren Herrera,0.8823529411764706
Efren Herrera,0.9393939393939394
Efren Herrera,0.7631578947368421
Eric Schubert,0.1538461538461538
Eric Schubert,0.2564102564102564
Eric Schubert,0.6166666666666667
Florian Kempf,0.0789473684210526
Florian Kempf,0.3142857142857143
Florian Kempf,0.4
Florian Kempf,0.3846153846153846
Florian Kempf,0.1025641025641025
Florian Kempf,0.4166666666666667
Frank Corral,0.21875
Frank Corral,0.4594594594594595
Frank Corral,0.6764705882352942
Frank Corral,0.4242424242424242
Fred Steinfort,0.1111111111111111
Fred Steinfort,0.3225806451612903
Fred Steinfort,0.4375
Fred Steinfort,0.3513513513513513
Fred Steinfort,0.3235294117647059
Fred Steinfort,0.303030303030303
Fred Steinfort,0.3947368421052631
Fred Steinfort,0.2571428571428571
Fuad Reveiz,0.282051282051282
Fuad Reveiz,0.3846153846153846
Fuad Reveiz,0.75
Fuad Reveiz,0.4871794871794871
Fuad Reveiz,0.2777777777777778
Fuad Reveiz,0.15625
Fuad Reveiz,0.2121212121212121
Fuad Reveiz,0.59375
Fuad Reveiz,0.6333333333333333
Fuad Reveiz,0.7878787878787878
Fuad Reveiz,0.6944444444444444
Garrett Hartley,0.1463414634146341
Garrett Hartley,0.2558139534883721
Garrett Hartley,0.4545454545454545
Garrett Hartley,0.1842105263157894
Garrett Hartley,0.1666666666666666
Garrett Hartley,0.1142857142857142
Garrett Hartley,0.3611111111111111
Gary Anderson,0.2631578947368421
Gary Anderson,0.4285714285714285
Gary Anderson,0.8571428571428571
Gary Anderson,0.8974358974358975
Gary Anderson,0.6666666666666666
Gary Anderson,0.9166666666666666
Gary Anderson,0.9230769230769232
Gary Anderson,0.8888888888888888
Gary Anderson,0.8125
Gary Anderson,0.6060606060606061
Gary Anderson,0.65625
Gary Anderson,0.5666666666666667
Gary Anderson,0.5757575757575758
Gary Anderson,0.4722222222222222
Gary Anderson,0.4848484848484848
Gary Anderson,0.4571428571428571
Gary Anderson,0.945945945945946
Gary Anderson,0.8205128205128205
Gary Anderson,0.9761904761904762
Gary Anderson,0.6585365853658537
Gary Anderson,0.8888888888888888
Gary Anderson,0.7619047619047619
Gary Anderson,0.6190476190476191
George Hunt,0.1363636363636363
George Hunt,0.125
George Hunt,0.3043478260869565
Greg Davis,0.4
Greg Davis,0.3333333333333333
Greg Davis,0.6388888888888888
Greg Davis,0.84375
Greg Davis,0.9393939393939394
Greg Davis,0.46875
Greg Davis,0.4333333333333333
Greg Davis,0.5151515151515151
Greg Davis,0.75
Greg Davis,0.3939393939393939
Greg Davis,0.3714285714285714
Greg Davis,0.3513513513513513
Happy Feller,0.2777777777777778
Happy Feller,0.3333333333333333
Happy Feller,0.4545454545454545
Horst Muhlmann,1.0
Horst Muhlmann,1.0
Horst Muhlmann,1.0
Horst Muhlmann,1.0
Horst Muhlmann,0.9583333333333334
Horst Muhlmann,0.9565217391304348
Horst Muhlmann,0.9629629629629628
Horst Muhlmann,0.9032258064516128
Jan Stenerud,0.9230769230769232
Jan Stenerud,0.9444444444444444
Jan Stenerud,0.9444444444444444
Jan Stenerud,0.9090909090909092
Jan Stenerud,1.0
Jan Stenerud,1.0
Jan Stenerud,1.0
Jan Stenerud,0.8709677419354839
Jan Stenerud,0.6875
Jan Stenerud,0.6216216216216216
Jan Stenerud,0.5294117647058824
Jan Stenerud,0.696969696969697
Jan Stenerud,0.8421052631578947
Jan Stenerud,0.9428571428571428
Jan Stenerud,0.7428571428571429
Jan Stenerud,0.5384615384615384
Jaret Holmes,0.0256410256410256
Jaret Holmes,0.2619047619047619
Jaret Holmes,0.3658536585365853
Jason Elam,0.1
Jason Elam,0.2727272727272727
Jason Elam,0.9722222222222222
Jason Elam,0.9393939393939394
Jason Elam,0.8
Jason Elam,0.7567567567567568
Jason Elam,0.8717948717948718
Jason Elam,0.7142857142857143
Jason Elam,0.5365853658536586
Jason Elam,0.5111111111111111
Jason Elam,0.6666666666666666
Jason Elam,0.6904761904761905
Jason Elam,0.8
Jason Elam,0.6052631578947368
Jason Elam,0.75
Jason Elam,0.8292682926829268
Jason Elam,0.5116279069767442
Jason Hanson,0.15625
Jason Hanson,0.2333333333333333
Jason Hanson,0.6060606060606061
Jason Hanson,0.7222222222222222
Jason Hanson,0.6060606060606061
Jason Hanson,0.8571428571428571
Jason Hanson,0.5945945945945946
Jason Hanson,0.8974358974358975
Jason Hanson,0.7857142857142857
Jason Hanson,0.7073170731707317
Jason Hanson,0.7555555555555555
Jason Hanson,0.7380952380952381
Jason Hanson,0.8333333333333334
Jason Hanson,0.7777777777777778
Jason Hanson,0.9210526315789472
Jason Hanson,0.925
Jason Hanson,1.0
Jason Hanson,0.9767441860465116
Jason Hanson,0.9090909090909092
Jason Hanson,0.7105263157894737
Jason Hanson,0.8611111111111112
Jason Staurovsky,0.0833333333333333
Jason Staurovsky,0.282051282051282
Jason Staurovsky,0.3611111111111111
Jason Staurovsky,0.625
Jason Staurovsky,0.5454545454545454
Jason Staurovsky,0.28125
Jay Feely,0.1951219512195122
Jay Feely,0.4
Jay Feely,0.8571428571428571
Jay Feely,0.7380952380952381
Jay Feely,0.9111111111111112
Jay Feely,0.8947368421052632
Jay Feely,0.975
Jay Feely,0.8536585365853658
Jay Feely,0.7441860465116279
Jay Feely,0.7272727272727273
Jay Feely,0.631578947368421
Jay Feely,0.6111111111111112
Jay Feely,0.6285714285714286
Jay Feely,0.3888888888888889
Jeff Chandler,0.0888888888888888
Jeff Chandler,0.2142857142857142
Jeff Chandler,0.2857142857142857
Jeff Jaeger,0.3833333333333333
Jeff Jaeger,0.1794871794871795
Jeff Jaeger,0.3333333333333333
Jeff Jaeger,0.21875
Jeff Jaeger,0.9090909090909092
Jeff Jaeger,0.6875
Jeff Jaeger,0.7
Jeff Jaeger,0.7272727272727273
Jeff Jaeger,0.6111111111111112
Jeff Jaeger,0.5151515151515151
Jeff Jaeger,0.5142857142857142
Jeff Jaeger,0.6756756756756757
Jeff Jaeger,0.5641025641025641
Jeff Reed,0.2
Jeff Reed,0.3095238095238095
Jeff Reed,0.9523809523809524
Jeff Reed,0.8666666666666667
Jeff Reed,0.4736842105263157
Jeff Reed,0.525
Jeff Reed,0.5121951219512195
Jeff Reed,0.6511627906976745
Jeff Reed,0.4772727272727273
Jeff Wilkins,0.0833333333333333
Jeff Wilkins,0.2121212121212121
Jeff Wilkins,0.5428571428571428
Jeff Wilkins,0.6486486486486487
Jeff Wilkins,0.6153846153846154
Jeff Wilkins,0.6190476190476191
Jeff Wilkins,0.7560975609756098
Jeff Wilkins,0.7333333333333333
Jeff Wilkins,0.9523809523809524
Jeff Wilkins,0.8095238095238095
Jeff Wilkins,0.9555555555555556
Jeff Wilkins,0.8157894736842105
Jeff Wilkins,0.85
Jess Atkinson,0.0769230769230769
Jess Atkinson,0.1794871794871795
Jess Atkinson,0.6
Jim Breech,0.1891891891891892
Jim Breech,0.2941176470588235
Jim Breech,0.6666666666666666
Jim Breech,0.9210526315789472
Jim Breech,0.8857142857142857
Jim Breech,0.6571428571428571
Jim Breech,0.5897435897435898
Jim Breech,0.6153846153846154
Jim Breech,0.8
Jim Breech,0.5641025641025641
Jim Breech,0.4166666666666667
Jim Breech,0.34375
Jim Breech,0.4242424242424242
Jim Breech,0.53125
Jim Gallery,0.2666666666666666
Jim Gallery,0.1538461538461538
Jim Gallery,0.2222222222222222
Jim O'Brien,0.6153846153846154
Jim O'Brien,0.8888888888888888
Jim O'Brien,0.8333333333333334
Jim O'Brien,0.6818181818181818
Jim Turner,0.5384615384615384
Jim Turner,0.8333333333333334
Jim Turner,0.8888888888888888
Jim Turner,0.9545454545454546
Jim Turner,0.7916666666666666
Jim Turner,0.8695652173913043
Jim Turner,0.8888888888888888
Jim Turner,0.967741935483871
Jim Turner,0.65625
Jim Turner,0.7027027027027027
Joe Cooper,0.0857142857142857
Joe Cooper,0.1282051282051282
Joe Cooper,0.2307692307692307
Joe Danelo,0.0869565217391304
Joe Danelo,0.3333333333333333
Joe Danelo,0.6451612903225806
Joe Danelo,0.90625
Joe Danelo,0.8918918918918919
Joe Danelo,0.9117647058823528
Joe Danelo,0.7878787878787878
Joe Danelo,0.8157894736842105
Joe Danelo,0.5714285714285714
Joe Danelo,0.3714285714285714
Joe Nedney,0.0606060606060606
Joe Nedney,0.2
Joe Nedney,0.3783783783783784
Joe Nedney,0.3333333333333333
Joe Nedney,0.5714285714285714
Joe Nedney,0.6341463414634146
Joe Nedney,0.6666666666666666
Joe Nedney,0.4761904761904761
Joe Nedney,0.238095238095238
Joe Nedney,0.3555555555555555
Joe Nedney,0.3421052631578947
Joe Nedney,0.9
Joe Nedney,0.8780487804878049
Joe Nedney,0.6976744186046512
Joe Nedney,0.4318181818181818
John Carney,0.0512820512820512
John Carney,0.0
John Carney,0.125
John Carney,0.2424242424242424
John Carney,0.71875
John Carney,0.8
John Carney,0.9696969696969696
John Carney,0.9444444444444444
John Carney,1.0
John Carney,0.6285714285714286
John Carney,0.8648648648648649
John Carney,0.7435897435897436
John Carney,0.9047619047619048
John Carney,0.951219512195122
John Carney,0.8666666666666667
John Carney,0.8809523809523809
John Carney,0.7142857142857143
John Carney,0.7555555555555555
John Carney,0.6578947368421053
John Carney,0.45
John Carney,0.3902439024390244
John Carney,0.3488372093023256
John Carney,0.3181818181818182
John Hall,0.1142857142857142
John Hall,0.2432432432432432
John Hall,0.5128205128205128
John Hall,0.5476190476190477
John Hall,0.4878048780487805
John Hall,0.6222222222222222
John Hall,0.5952380952380952
John Hall,0.3809523809523809
John Hall,0.4666666666666667
John Hall,0.3684210526315789
John Kasay,0.1818181818181818
John Kasay,0.21875
John Kasay,0.5333333333333333
John Kasay,0.4848484848484848
John Kasay,0.8333333333333334
John Kasay,0.9696969696969696
John Kasay,0.9714285714285714
John Kasay,0.8378378378378378
John Kasay,0.7692307692307693
John Kasay,0.3571428571428571
John Kasay,0.4146341463414634
John Kasay,0.2888888888888888
John Kasay,0.3809523809523809
John Kasay,0.3333333333333333
John Kasay,0.7333333333333333
John Kasay,0.7105263157894737
John Kasay,0.775
John Kasay,0.902439024390244
John Kasay,0.6046511627906976
John Kasay,0.8181818181818182
John Kasay,0.5263157894736842
John Leypoldt,0.3888888888888889
John Leypoldt,0.4444444444444444
John Leypoldt,0.8181818181818182
John Leypoldt,0.875
John Leypoldt,0.8260869565217391
John Leypoldt,0.6296296296296297
John Leypoldt,0.5483870967741935
John Leypoldt,0.5
John Smith,0.25
John Smith,0.5217391304347826
John Smith,0.7777777777777778
John Smith,0.8387096774193549
John Smith,0.875
John Smith,0.7837837837837838
John Smith,0.7352941176470589
John Smith,0.7272727272727273
John Smith,0.5263157894736842
John Smith,0.4857142857142857
Jose Cortez,0.1707317073170731
Jose Cortez,0.3777777777777777
Jose Cortez,0.2619047619047619
Jose Cortez,0.119047619047619
Jose Cortez,0.1333333333333333
Josh Brown,0.1666666666666666
Josh Brown,0.2619047619047619
Josh Brown,0.6444444444444445
Josh Brown,0.631578947368421
Josh Brown,0.7
Josh Brown,0.6829268292682927
Josh Brown,0.4651162790697674
Josh Brown,0.5909090909090909
Josh Brown,0.5
Josh Brown,0.4722222222222222
Josh Brown,0.3142857142857143
Josh Brown,0.3333333333333333
Josh Brown,0.7435897435897436
Josh Brown,0.6388888888888888
Josh Lambo,0.1538461538461538
Josh Lambo,0.1666666666666666
Josh Lambo,0.7272727272727273
Josh Lambo,0.7380952380952381
Josh Lambo,0.9285714285714286
Josh Lambo,0.979591836734694
Josh Lambo,0.5
Josh Lambo,0.1956521739130435
Josh Scobee,0.1666666666666666
Josh Scobee,0.4
Josh Scobee,0.5526315789473685
Josh Scobee,0.475
Josh Scobee,0.5609756097560976
Josh Scobee,0.4418604651162791
Josh Scobee,0.5681818181818182
Josh Scobee,0.3421052631578947
Josh Scobee,0.5833333333333334
Josh Scobee,0.4285714285714285
Josh Scobee,0.6666666666666666
Josh Scobee,0.4102564102564102
Justin Medlock,0.05
Justin Medlock,0.048780487804878
Justin Medlock,0.0465116279069767
Justin Medlock,0.0
Justin Medlock,0.0
Justin Medlock,0.0
Kai Forbath,0.0833333333333333
Kai Forbath,0.1714285714285714
Kai Forbath,0.7222222222222222
Kai Forbath,0.6410256410256411
Kai Forbath,0.6944444444444444
Kai Forbath,0.7727272727272727
Kai Forbath,0.5476190476190477
Kai Forbath,0.5476190476190477
Kai Forbath,0.4693877551020408
Ken Willis,0.0625
Ken Willis,0.2727272727272727
Ken Willis,0.4375
Kevin Butler,0.2564102564102564
Kevin Butler,0.4102564102564102
Kevin Butler,0.8166666666666667
Kevin Butler,0.6923076923076923
Kevin Butler,0.5833333333333334
Kevin Butler,0.71875
Kevin Butler,0.4848484848484848
Kevin Butler,0.5625
Kevin Butler,0.4
Kevin Butler,0.6363636363636364
Kevin Butler,0.5555555555555556
Kevin Butler,0.4242424242424242
Kevin Butler,0.3428571428571428
Kris Brown,0.1794871794871795
Kris Brown,0.3809523809523809
Kris Brown,0.7804878048780488
Kris Brown,0.6
Kris Brown,0.6190476190476191
Kris Brown,0.4285714285714285
Kris Brown,0.5111111111111111
Kris Brown,0.3947368421052631
Kris Brown,0.375
Kris Brown,0.5365853658536586
Kris Brown,0.627906976744186
Kris Brown,0.3863636363636363
Lawrence Tynes,0.0952380952380952
Lawrence Tynes,0.3777777777777777
Lawrence Tynes,0.5789473684210527
Lawrence Tynes,0.8
Lawrence Tynes,0.4878048780487805
Lawrence Tynes,0.4883720930232558
Lawrence Tynes,0.5
Lawrence Tynes,0.7631578947368421
Lawrence Tynes,0.8888888888888888
Lee Johnson,0.0769230769230769
Lee Johnson,0.0555555555555555
Lee Johnson,0.03125
Lee Johnson,0.0909090909090909
Lee Johnson,0.03125
Lin Elliott,0.125
Lin Elliott,0.1666666666666666
Lin Elliott,0.3333333333333333
Lin Elliott,0.3333333333333333
Luis Zendejas,0.5166666666666667
Luis Zendejas,0.4102564102564102
Luis Zendejas,0.7222222222222222
Mark Moseley,0.3076923076923077
Mark Moseley,0.6666666666666666
Mark Moseley,0.6111111111111112
Mark Moseley,0.3181818181818182
Mark Moseley,0.4166666666666667
Mark Moseley,0.5652173913043478
Mark Moseley,0.8518518518518519
Mark Moseley,1.0
Mark Moseley,0.96875
Mark Moseley,1.0
Mark Moseley,0.9705882352941176
Mark Moseley,0.8484848484848485
Mark Moseley,0.8947368421052632
Mark Moseley,0.9142857142857144
Mark Moseley,0.9428571428571428
Mark Moseley,0.7435897435897436
Mark Moseley,0.5384615384615384
Martin Gramatica,0.1538461538461538
Martin Gramatica,0.4285714285714285
Martin Gramatica,0.926829268292683
Martin Gramatica,0.9111111111111112
Martin Gramatica,0.5714285714285714
Martin Gramatica,0.5
Martin Gramatica,0.3111111111111111
Martin Gramatica,0.1842105263157894
Martin Gramatica,0.275
Martin Gramatica,0.3658536585365853
Mason Crosby,0.125
Mason Crosby,0.2439024390243902
Mason Crosby,0.8604651162790697
Mason Crosby,0.9545454545454546
Mason Crosby,0.868421052631579
Mason Crosby,0.7222222222222222
Mason Crosby,0.6
Mason Crosby,0.5277777777777778
Mason Crosby,0.6923076923076923
Mason Crosby,0.4444444444444444
Mason Crosby,0.5227272727272727
Mason Crosby,0.6190476190476191
Mason Crosby,0.7619047619047619
Mason Crosby,0.8367346938775511
Mason Crosby,0.84
Mason Crosby,0.8043478260869565
Mason Crosby,0.3720930232558139
Matt Ammendola,0.16
Matt Ammendola,0.1739130434782608
Matt Ammendola,0.3255813953488372
Matt Bahr,0.2162162162162162
Matt Bahr,0.3529411764705882
Matt Bahr,0.5757575757575758
Matt Bahr,0.5
Matt Bahr,0.5142857142857142
Matt Bahr,0.5428571428571428
Matt Bahr,0.717948717948718
Matt Bahr,0.6410256410256411
Matt Bahr,0.7
Matt Bahr,0.6410256410256411
Matt Bahr,0.5277777777777778
Matt Bahr,0.5625
Matt Bahr,0.5757575757575758
Matt Bahr,0.5
Matt Bahr,0.3333333333333333
Matt Bahr,0.3636363636363636
Matt Bahr,0.3888888888888889
Matt Bryant,0.1777777777777777
Matt Bryant,0.238095238095238
Matt Bryant,0.4523809523809524
Matt Bryant,0.4444444444444444
Matt Bryant,0.4210526315789473
Matt Bryant,0.55
Matt Bryant,0.5853658536585366
Matt Bryant,0.4186046511627907
Matt Bryant,0.3636363636363636
Matt Bryant,0.3684210526315789
Matt Bryant,0.75
Matt Bryant,0.5428571428571428
Matt Bryant,0.6944444444444444
Matt Bryant,0.7692307692307693
Matt Bryant,0.9444444444444444
Matt Bryant,0.9318181818181818
Matt Bryant,1.0
Matt Bryant,0.5952380952380952
Matt Stover,0.1515151515151515
Matt Stover,0.25
Matt Stover,0.5
Matt Stover,0.5454545454545454
Matt Stover,0.4444444444444444
Matt Stover,0.7272727272727273
Matt Stover,0.5714285714285714
Matt Stover,0.4864864864864865
Matt Stover,0.5384615384615384
Matt Stover,0.6904761904761905
Matt Stover,0.975609756097561
Matt Stover,0.9777777777777776
Matt Stover,0.9047619047619048
Matt Stover,0.9047619047619048
Matt Stover,0.9333333333333332
Matt Stover,0.9736842105263158
Matt Stover,0.95
Matt Stover,0.7804878048780488
Matt Stover,0.5813953488372093
Max Zendejas,0.1282051282051282
Max Zendejas,0.55
Max Zendejas,0.4615384615384615
Michael Badgley,0.119047619047619
Michael Badgley,0.238095238095238
Michael Badgley,0.5510204081632653
Michael Badgley,0.58
Michael Badgley,0.4782608695652174
Michael Badgley,0.3953488372093023
Michael Husted,0.0666666666666666
Michael Husted,0.2424242424242424
Michael Husted,0.5833333333333334
Michael Husted,0.6666666666666666
Michael Husted,0.6571428571428571
Michael Husted,0.5675675675675675
Michael Husted,0.4102564102564102
Michael Husted,0.4523809523809524
Michael Husted,0.2195121951219512
Michael Husted,0.2444444444444444
Michael Koenen,0.0888888888888888
Michael Koenen,0.1052631578947368
Michael Koenen,0.175
Mick Luckhurst,0.1515151515151515
Mick Luckhurst,0.4210526315789473
Mick Luckhurst,0.8
Mick Luckhurst,0.8857142857142857
Mick Luckhurst,0.9230769230769232
Mick Luckhurst,0.8974358974358975
Mick Luckhurst,0.8833333333333333
Mike Cofer,0.3666666666666666
Mike Cofer,0.358974358974359
Mike Cofer,0.5555555555555556
Mike Cofer,0.78125
Mike Cofer,0.5151515151515151
Mike Cofer,0.375
Mike Cofer,0.2666666666666666
Mike Cofer,0.1515151515151515
Mike Cofer,0.1944444444444444
Mike Hollis,0.1388888888888889
Mike Hollis,0.2727272727272727
Mike Hollis,0.9142857142857144
Mike Hollis,0.7297297297297297
Mike Hollis,0.7948717948717948
Mike Hollis,0.8333333333333334
Mike Hollis,0.8048780487804879
Mike Hollis,0.7111111111111111
Mike Lansford,0.131578947368421
Mike Lansford,0.2857142857142857
Mike Lansford,0.4571428571428571
Mike Lansford,0.6153846153846154
Mike Lansford,0.8205128205128205
Mike Lansford,0.85
Mike Lansford,0.6666666666666666
Mike Lansford,0.75
Mike Lansford,0.46875
Mike Nugent,0.2222222222222222
Mike Nugent,0.3157894736842105
Mike Nugent,0.575
Mike Nugent,0.2926829268292683
Mike Nugent,0.2790697674418604
Mike Nugent,0.2045454545454545
Mike Nugent,0.2631578947368421
Mike Nugent,0.6388888888888888
Mike Nugent,0.7714285714285715
Mike Nugent,0.4722222222222222
Mike Nugent,0.5641025641025641
Mike Nugent,0.5833333333333334
Mike Nugent,0.5909090909090909
Mike Nugent,0.5714285714285714
Mike Nugent,0.4285714285714285
Mike Nugent,0.4897959183673469
Mike Vanderjagt,0.1891891891891892
Mike Vanderjagt,0.3076923076923077
Mike Vanderjagt,0.9285714285714286
Mike Vanderjagt,1.0
Mike Vanderjagt,0.8222222222222222
Mike Vanderjagt,1.0
Mike Vanderjagt,1.0
Mike Vanderjagt,1.0
Mike Vanderjagt,0.6842105263157895
Mike Wood,0.1351351351351351
Mike Wood,0.1176470588235294
Mike Wood,0.2424242424242424
Mike Wood,0.3684210526315789
Mirro Roder,0.1818181818181818
Mirro Roder,0.4583333333333333
Mirro Roder,0.3478260869565217
Mirro Roder,0.2592592592592592
Morten Andersen,0.1052631578947368
Morten Andersen,0.3714285714285714
Morten Andersen,0.6
Morten Andersen,1.0
Morten Andersen,1.0
Morten Andersen,1.0
Morten Andersen,0.9743589743589745
Morten Andersen,0.8055555555555556
Morten Andersen,0.875
Morten Andersen,0.8484848484848485
Morten Andersen,0.96875
Morten Andersen,0.8666666666666667
Morten Andersen,0.8787878787878788
Morten Andersen,0.8611111111111112
Morten Andersen,0.7878787878787878
Morten Andersen,0.8857142857142857
Morten Andersen,0.8108108108108109
Morten Andersen,0.6410256410256411
Morten Andersen,0.7380952380952381
Morten Andersen,0.8536585365853658
Morten Andersen,1.0
Morten Andersen,0.9761904761904762
Morten Andersen,0.8809523809523809
Morten Andersen,0.4222222222222222
Morten Andersen,0.2894736842105263
Morten Andersen,0.225
Nate Kaeding,0.0714285714285714
Nate Kaeding,0.3333333333333333
Nate Kaeding,0.7368421052631579
Nate Kaeding,0.875
Nate Kaeding,0.951219512195122
Nate Kaeding,0.813953488372093
Nate Kaeding,0.8863636363636364
Nate Kaeding,0.2105263157894736
Nate Kaeding,0.1388888888888889
Neil O'Donoghue,0.1290322580645161
Neil O'Donoghue,0.28125
Neil O'Donoghue,0.5675675675675675
Neil O'Donoghue,0.6176470588235294
Neil O'Donoghue,0.6060606060606061
Neil O'Donoghue,0.631578947368421
Neil O'Donoghue,0.6
Neil O'Donoghue,0.5714285714285714
Neil O'Donoghue,0.4871794871794871
Neil Rackers,0.0714285714285714
Neil Rackers,0.2682926829268293
Neil Rackers,0.4444444444444444
Neil Rackers,0.4285714285714285
Neil Rackers,0.4761904761904761
Neil Rackers,0.7111111111111111
Neil Rackers,0.9473684210526316
Neil Rackers,1.0
Neil Rackers,0.975609756097561
Neil Rackers,1.0
Neil Rackers,1.0
Neil Rackers,0.9473684210526316
Nick Lowery,0.09375
Nick Lowery,0.027027027027027
Nick Lowery,0.1764705882352941
Nick Lowery,0.3636363636363636
Nick Lowery,1.0
Nick Lowery,0.9714285714285714
Nick Lowery,1.0
Nick Lowery,0.9743589743589745
Nick Lowery,0.7948717948717948
Nick Lowery,0.95
Nick Lowery,1.0
Nick Lowery,1.0
Nick Lowery,1.0
Nick Lowery,0.8787878787878788
Nick Lowery,0.90625
Nick Lowery,0.9333333333333332
Nick Lowery,0.9393939393939394
Nick Lowery,0.8055555555555556
Nick Lowery,0.3636363636363636
Nick Mike-Mayer,0.2727272727272727
Nick Mike-Mayer,0.5416666666666666
Nick Mike-Mayer,0.7391304347826086
Nick Mike-Mayer,0.5925925925925926
Nick Mike-Mayer,0.4516129032258064
Nick Mike-Mayer,0.46875
Nick Mike-Mayer,0.6486486486486487
Nick Mike-Mayer,0.5
Nick Mike-Mayer,0.4848484848484848
Nick Mike-Mayer,0.4473684210526316
Nick Novak,0.1555555555555555
Nick Novak,0.131578947368421
Nick Novak,0.2
Nick Novak,0.2195121951219512
Nick Novak,0.0930232558139534
Nick Novak,0.0909090909090909
Nick Novak,0.131578947368421
Nick Novak,0.25
Nick Novak,0.8857142857142857
Nick Novak,0.5555555555555556
Nick Novak,0.6153846153846154
Nick Novak,0.5
Nick Novak,0.4772727272727273
Norm Johnson,0.1842105263157894
Norm Johnson,0.4
Norm Johnson,0.7714285714285715
Norm Johnson,0.7948717948717948
Norm Johnson,0.717948717948718
Norm Johnson,0.7666666666666667
Norm Johnson,0.7948717948717948
Norm Johnson,0.5
Norm Johnson,0.59375
Norm Johnson,0.696969696969697
Norm Johnson,0.875
Norm Johnson,1.0
Norm Johnson,1.0
Norm Johnson,1.0
Norm Johnson,0.8484848484848485
Norm Johnson,0.7142857142857143
Norm Johnson,0.4594594594594595
Norm Johnson,0.4871794871794871
Obed Ariri,0.1714285714285714
Obed Ariri,0.2307692307692307
Obed Ariri,0.1538461538461538
Obed Ariri,0.25
Olindo Mare,0.0857142857142857
Olindo Mare,0.2162162162162162
Olindo Mare,0.5897435897435898
Olindo Mare,0.8095238095238095
Olindo Mare,0.902439024390244
Olindo Mare,0.8
Olindo Mare,0.6904761904761905
Olindo Mare,0.5952380952380952
Olindo Mare,0.6666666666666666
Olindo Mare,0.5263157894736842
Olindo Mare,0.4
Olindo Mare,0.3170731707317073
Olindo Mare,0.3953488372093023
Olindo Mare,0.4090909090909091
Olindo Mare,0.4210526315789473
Olindo Mare,0.2777777777777778
Owen Pochman,0.024390243902439
Owen Pochman,0.0444444444444444
Owen Pochman,0.0238095238095238
Pat Leahy,0.1666666666666666
Pat Leahy,0.4782608695652174
Pat Leahy,0.7037037037037037
Pat Leahy,0.7096774193548387
Pat Leahy,0.78125
Pat Leahy,0.7297297297297297
Pat Leahy,0.6470588235294118
Pat Leahy,0.5454545454545454
Pat Leahy,0.7105263157894737
Pat Leahy,0.6571428571428571
Pat Leahy,0.5142857142857142
Pat Leahy,0.6410256410256411
Pat Leahy,0.9743589743589745
Pat Leahy,0.9666666666666668
Pat Leahy,0.8974358974358975
Pat Leahy,0.6111111111111112
Pat Leahy,0.5
Pat Leahy,0.3636363636363636
Patrick Murray,0.0555555555555555
Patrick Murray,0.1282051282051282
Patrick Murray,0.0833333333333333
Patrick Murray,0.2727272727272727
Paul Edinger,0.238095238095238
Paul Edinger,0.3902439024390244
Paul Edinger,0.9333333333333332
Paul Edinger,0.7857142857142857
Paul Edinger,0.6428571428571429
Paul Edinger,0.5333333333333333
Paul McFadden,0.2
Paul McFadden,0.4615384615384615
Paul McFadden,0.9487179487179488
Paul McFadden,0.7833333333333333
Paul McFadden,0.6153846153846154
Paul McFadden,0.6666666666666666
Pete Stoyanovich,0.1388888888888889
Pete Stoyanovich,0.28125
Pete Stoyanovich,1.0
Pete Stoyanovich,1.0
Pete Stoyanovich,0.9666666666666668
Pete Stoyanovich,0.8484848484848485
Pete Stoyanovich,0.8888888888888888
Pete Stoyanovich,0.6363636363636364
Pete Stoyanovich,0.7428571428571429
Pete Stoyanovich,0.8918918918918919
Pete Stoyanovich,1.0
Pete Stoyanovich,0.6428571428571429
Phil Dawson,0.1025641025641025
Phil Dawson,0.3095238095238095
Phil Dawson,0.4634146341463415
Phil Dawson,0.6888888888888889
Phil Dawson,0.8333333333333334
Phil Dawson,0.8571428571428571
Phil Dawson,0.8222222222222222
Phil Dawson,0.8421052631578947
Phil Dawson,0.825
Phil Dawson,0.8048780487804879
Phil Dawson,0.8837209302325582
Phil Dawson,0.7727272727272727
Phil Dawson,0.6842105263157895
Phil Dawson,0.5277777777777778
Phil Dawson,0.6857142857142857
Phil Dawson,0.8055555555555556
Phil Dawson,0.8974358974358975
Phil Dawson,0.6666666666666666
Phil Dawson,0.6136363636363636
Phil Dawson,0.4285714285714285
Rafael Septien,0.2903225806451613
Rafael Septien,0.34375
Rafael Septien,0.8108108108108109
Rafael Septien,0.7647058823529411
Rafael Septien,0.8787878787878788
Rafael Septien,0.868421052631579
Rafael Septien,0.8285714285714286
Rafael Septien,0.8
Rafael Septien,0.8461538461538461
Rafael Septien,0.8461538461538461
Randy Bullock,0.0571428571428571
Randy Bullock,0.2222222222222222
Randy Bullock,0.6666666666666666
Randy Bullock,0.3333333333333333
Randy Bullock,0.5
Randy Bullock,0.5
Randy Bullock,0.8809523809523809
Randy Bullock,0.9591836734693876
Randy Bullock,0.96
Randy Bullock,0.8260869565217391
Randy Bullock,0.627906976744186
Raul Allegre,0.2
Raul Allegre,0.3428571428571428
Raul Allegre,0.6923076923076923
Raul Allegre,0.5641025641025641
Raul Allegre,0.6833333333333333
Raul Allegre,0.7435897435897436
Raul Allegre,0.7777777777777778
Raul Allegre,0.65625
Raul Allegre,0.3939393939393939
Ray Wersching,0.0909090909090909
Ray Wersching,0.3333333333333333
Ray Wersching,0.6086956521739131
Ray Wersching,0.5555555555555556
Ray Wersching,0.7419354838709677
Ray Wersching,0.84375
Ray Wersching,0.8648648648648649
Ray Wersching,0.8235294117647058
Ray Wersching,0.7575757575757576
Ray Wersching,0.6578947368421053
Ray Wersching,0.7142857142857143
Ray Wersching,0.8285714285714286
Ray Wersching,0.7692307692307693
Ray Wersching,0.6923076923076923
Ray Wersching,0.7166666666666667
Rian Lindell,0.1904761904761904
Rian Lindell,0.3170731707317073
Rian Lindell,0.5555555555555556
Rian Lindell,0.4523809523809524
Rian Lindell,0.5238095238095238
Rian Lindell,0.6888888888888889
Rian Lindell,0.7894736842105263
Rian Lindell,0.625
Rian Lindell,0.6585365853658537
Rian Lindell,0.9302325581395348
Rian Lindell,0.8636363636363636
Rian Lindell,0.5526315789473685
Rian Lindell,0.3333333333333333
Rian Lindell,0.3714285714285714
Rich Karlis,0.2894736842105263
Rich Karlis,0.4571428571428571
Rich Karlis,0.9714285714285714
Rich Karlis,0.8717948717948718
Rich Karlis,0.7435897435897436
Rich Karlis,0.8333333333333334
Rich Karlis,0.8205128205128205
Rich Karlis,0.8611111111111112
Rich Karlis,0.40625
Richie Cunningham,0.1714285714285714
Richie Cunningham,0.2972972972972973
Richie Cunningham,0.6666666666666666
Richie Cunningham,0.5238095238095238
Richie Cunningham,0.2439024390243902
Richie Cunningham,0.3111111111111111
Richie Szaro,0.1739130434782608
Richie Szaro,0.5185185185185185
Richie Szaro,0.6774193548387096
Richie Szaro,0.53125
Richie Szaro,0.3783783783783784
Rick Danmeier,0.1875
Rick Danmeier,0.4054054054054054
Rick Danmeier,0.5588235294117647
Rick Danmeier,0.5151515151515151
Rick Danmeier,0.6052631578947368
Rob Bironas,0.2
Rob Bironas,0.2368421052631578
Rob Bironas,0.425
Rob Bironas,0.4634146341463415
Rob Bironas,0.7674418604651163
Rob Bironas,0.9772727272727272
Rob Bironas,1.0
Rob Bironas,1.0
Rob Bironas,0.9714285714285714
Robbie Gould,0.2444444444444444
Robbie Gould,0.2631578947368421
Robbie Gould,0.5
Robbie Gould,0.6341463414634146
Robbie Gould,0.7209302325581395
Robbie Gould,0.7045454545454546
Robbie Gould,0.7894736842105263
Robbie Gould,0.6666666666666666
Robbie Gould,0.6571428571428571
Robbie Gould,0.4166666666666667
Robbie Gould,0.5897435897435898
Robbie Gould,0.25
Robbie Gould,0.7954545454545454
Robbie Gould,0.7857142857142857
Robbie Gould,0.8571428571428571
Robbie Gould,0.6530612244897959
Robbie Gould,0.6
Robbie Gould,0.5652173913043478
Rodrigo Blankenship,0.1836734693877551
Rodrigo Blankenship,0.32
Rodrigo Blankenship,0.4347826086956521
Roger Ruzek,0.4833333333333333
Roger Ruzek,0.3846153846153846
Roger Ruzek,0.4722222222222222
Roger Ruzek,0.375
Roger Ruzek,0.7272727272727273
Roger Ruzek,0.8125
Roger Ruzek,0.6
Rolf Benirschke,0.2258064516129032
Rolf Benirschke,0.375
Rolf Benirschke,0.8378378378378378
Rolf Benirschke,0.9411764705882352
Rolf Benirschke,0.9696969696969696
Rolf Benirschke,0.9473684210526316
Rolf Benirschke,0.8571428571428571
Rolf Benirschke,0.6857142857142857
Rolf Benirschke,0.4358974358974359
Rolf Benirschke,0.4615384615384615
Roy Gerela,0.4615384615384615
Roy Gerela,0.7222222222222222
Roy Gerela,0.7222222222222222
Roy Gerela,0.8636363636363636
Roy Gerela,0.9166666666666666
Roy Gerela,0.9130434782608696
Roy Gerela,0.925925925925926
Roy Gerela,0.935483870967742
Roy Gerela,0.59375
Roy Gerela,0.5135135135135135
Russell Erxleben,0.2432432432432432
Russell Erxleben,0.2647058823529412
Russell Erxleben,0.2727272727272727
Russell Erxleben,0.2368421052631578
Ryan Longwell,0.1428571428571428
Ryan Longwell,0.2702702702702703
Ryan Longwell,0.717948717948718
Ryan Longwell,0.8809523809523809
Ryan Longwell,0.8292682926829268
Ryan Longwell,0.7777777777777778
Ryan Longwell,0.6428571428571429
Ryan Longwell,0.9285714285714286
Ryan Longwell,0.8444444444444444
Ryan Longwell,0.868421052631579
Ryan Longwell,0.675
Ryan Longwell,0.7317073170731707
Ryan Longwell,0.9069767441860463
Ryan Longwell,0.8409090909090909
Ryan Longwell,0.8157894736842105
Ryan Succop,0.1627906976744186
Ryan Succop,0.25
Ryan Succop,0.3947368421052631
Ryan Succop,0.3888888888888889
Ryan Succop,0.4
Ryan Succop,0.5833333333333334
Ryan Succop,0.4615384615384615
Ryan Succop,0.3888888888888889
Ryan Succop,0.5681818181818182
Ryan Succop,0.6666666666666666
Ryan Succop,0.3809523809523809
Ryan Succop,0.5102040816326531
Ryan Succop,0.54
Ryan Succop,0.7608695652173914
Sam Ficken,0.0681818181818181
Sam Ficken,0.1904761904761904
Sam Ficken,0.3333333333333333
Sam Ficken,0.4489795918367347
Scott Bentley,0.0285714285714285
Scott Bentley,0.1081081081081081
Scott Bentley,0.0512820512820512
Scott Bentley,0.0476190476190476
Scott Blanton,0.1515151515151515
Scott Blanton,0.2571428571428571
Scott Blanton,0.4054054054054054
Scott Norwood,0.1025641025641025
Scott Norwood,0.282051282051282
Scott Norwood,0.6333333333333333
Scott Norwood,0.5897435897435898
Scott Norwood,0.6944444444444444
Scott Norwood,0.75
Scott Norwood,0.4545454545454545
Scott Sisson,0.0
Scott Sisson,0.0606060606060606
Scott Sisson,0.0277777777777777
Scott Sisson,0.0909090909090909
Sebastian Janikowski,0.0952380952380952
Sebastian Janikowski,0.3414634146341463
Sebastian Janikowski,0.5333333333333333
Sebastian Janikowski,0.7142857142857143
Sebastian Janikowski,0.6666666666666666
Sebastian Janikowski,0.5777777777777777
Sebastian Janikowski,0.5
Sebastian Janikowski,0.65
Sebastian Janikowski,0.926829268292683
Sebastian Janikowski,0.9534883720930232
Sebastian Janikowski,0.9318181818181818
Sebastian Janikowski,0.8947368421052632
Sebastian Janikowski,0.9722222222222222
Sebastian Janikowski,0.8
Sebastian Janikowski,0.6388888888888888
Sebastian Janikowski,0.4358974358974359
Sebastian Janikowski,0.5277777777777778
Sebastian Janikowski,0.3181818181818182
Sebastian Janikowski,0.3095238095238095
Shaun Suisham,0.1111111111111111
Shaun Suisham,0.1578947368421052
Shaun Suisham,0.325
Shaun Suisham,0.6097560975609756
Shaun Suisham,0.5581395348837209
Shaun Suisham,0.6818181818181818
Shaun Suisham,0.7368421052631579
Shaun Suisham,0.9444444444444444
Shaun Suisham,0.5714285714285714
Shaun Suisham,0.8611111111111112
Shayne Graham,0.0975609756097561
Shayne Graham,0.2666666666666666
Shayne Graham,0.3333333333333333
Shayne Graham,0.5476190476190477
Shayne Graham,0.8888888888888888
Shayne Graham,0.7631578947368421
Shayne Graham,0.725
Shayne Graham,0.7073170731707317
Shayne Graham,0.7906976744186046
Shayne Graham,0.6363636363636364
Shayne Graham,0.3157894736842105
Shayne Graham,0.3611111111111111
Shayne Graham,0.2857142857142857
Shayne Graham,0.3055555555555556
Shayne Graham,0.3846153846153846
Skip Butler,0.1111111111111111
Skip Butler,0.2777777777777778
Skip Butler,0.5454545454545454
Skip Butler,0.7083333333333334
Skip Butler,0.782608695652174
Skip Butler,0.7407407407407407
Skip Butler,0.3870967741935484
Stephen Gostkowski,0.0789473684210526
Stephen Gostkowski,0.3
Stephen Gostkowski,0.7560975609756098
Stephen Gostkowski,0.8372093023255814
Stephen Gostkowski,0.5454545454545454
Stephen Gostkowski,0.6052631578947368
Stephen Gostkowski,0.5
Stephen Gostkowski,0.9428571428571428
Stephen Gostkowski,1.0
Stephen Gostkowski,1.0
Stephen Gostkowski,0.9722222222222222
Stephen Gostkowski,0.9090909090909092
Stephen Gostkowski,0.8333333333333334
Stephen Gostkowski,0.5714285714285714
Stephen Gostkowski,0.5306122448979592
Stephen Hauschka,0.073170731707317
Stephen Hauschka,0.1860465116279069
Stephen Hauschka,0.2954545454545454
Stephen Hauschka,0.2368421052631578
Stephen Hauschka,0.4444444444444444
Stephen Hauschka,0.7142857142857143
Stephen Hauschka,0.9166666666666666
Stephen Hauschka,0.9487179487179488
Stephen Hauschka,1.0
Stephen Hauschka,0.9545454545454546
Stephen Hauschka,0.7619047619047619
Stephen Hauschka,0.6190476190476191
Stephen Hauschka,0.4081632653061224
Steve Christie,0.09375
Steve Christie,0.303030303030303
Steve Christie,0.78125
Steve Christie,0.4666666666666667
Steve Christie,0.8181818181818182
Steve Christie,0.6666666666666666
Steve Christie,0.8181818181818182
Steve Christie,0.6
Steve Christie,0.6216216216216216
Steve Christie,0.8461538461538461
Steve Christie,0.8571428571428571
Steve Christie,0.5609756097560976
Steve Christie,0.4888888888888889
Steve Christie,0.3571428571428571
Steve Christie,0.3571428571428571
Steve Cox,0.0
Steve Cox,0.0
Steve Cox,0.2285714285714285
Steve Cox,0.2571428571428571
Steve Cox,0.358974358974359
Steve Cox,0.2051282051282051
Steve Cox,0.5333333333333333
Steve Mike-Mayer,0.217391304347826
Steve Mike-Mayer,0.4074074074074074
Steve Mike-Mayer,0.5806451612903226
Steve Mike-Mayer,0.5625
Steve Mike-Mayer,0.5945945945945946
Steve Mike-Mayer,0.4705882352941176
Teddy Garcia,0.1282051282051282
Teddy Garcia,0.1944444444444444
Teddy Garcia,0.3125
Tim Mazzetti,0.25
Tim Mazzetti,0.4864864864864865
Tim Mazzetti,0.7941176470588235
Tim Seder,0.1666666666666666
Tim Seder,0.2926829268292683
Tim Seder,0.4222222222222222
Todd Peterson,0.0303030303030303
Todd Peterson,0.1666666666666666
Todd Peterson,0.3333333333333333
Todd Peterson,0.8285714285714286
Todd Peterson,0.7837837837837838
Todd Peterson,0.6923076923076923
Todd Peterson,0.7619047619047619
Todd Peterson,0.8780487804878049
Todd Peterson,0.6444444444444445
Todd Peterson,0.5476190476190477
Todd Peterson,0.4047619047619047
Todd Peterson,0.6
Toni Fritsch,0.4444444444444444
Toni Fritsch,0.5
Toni Fritsch,0.7272727272727273
Toni Fritsch,0.5
Toni Fritsch,0.4347826086956521
Toni Fritsch,0.3703703703703703
Toni Fritsch,0.6129032258064516
Toni Fritsch,0.75
Toni Fritsch,0.972972972972973
Toni Fritsch,1.0
Toni Fritsch,1.0
Toni Fritsch,0.6842105263157895
Toni Linhart,0.0555555555555555
Toni Linhart,0.0454545454545454
Toni Linhart,0.375
Toni Linhart,0.391304347826087
Toni Linhart,0.8148148148148148
Toni Linhart,0.8064516129032258
Toni Linhart,0.71875
Toni Linhart,0.5405405405405406
Tony Franklin,0.3243243243243243
Tony Franklin,0.4117647058823529
Tony Franklin,0.9090909090909092
Tony Franklin,0.7368421052631579
Tony Franklin,0.6857142857142857
Tony Franklin,0.4857142857142857
Tony Franklin,0.6666666666666666
Tony Franklin,0.7692307692307693
Tony Franklin,0.9
Tony Franklin,0.4358974358974359
Tony Zendejas,0.3076923076923077
Tony Zendejas,0.4358974358974359
Tony Zendejas,0.9833333333333332
Tony Zendejas,0.9487179487179488
Tony Zendejas,0.9166666666666666
Tony Zendejas,0.53125
Tony Zendejas,0.7575757575757576
Tony Zendejas,0.625
Tony Zendejas,0.6666666666666666
Tony Zendejas,0.3939393939393939
Tony Zendejas,0.3055555555555556
Travis Coons,0.2051282051282051
Travis Coons,0.0277777777777777
Travis Coons,0.2954545454545454
Tristan Vizcaino,0.1428571428571428
Tristan Vizcaino,0.3
Tristan Vizcaino,0.4130434782608695
Uwe Von Schamann,0.2972972972972973
Uwe Von Schamann,0.3823529411764705
Uwe Von Schamann,0.8181818181818182
Uwe Von Schamann,0.7894736842105263
Uwe Von Schamann,0.7428571428571429
Uwe Von Schamann,0.4285714285714285
Wade Richey,0.1621621621621621
Wade Richey,0.2564102564102564
Wade Richey,0.5952380952380952
Wade Richey,0.6829268292682927
Wade Richey,0.3333333333333333
Wade Richey,0.1904761904761904
Wes Welker,0.0238095238095238
Wes Welker,0.1777777777777777
Wes Welker,0.0263157894736842
Wes Welker,0.0
Wes Welker,0.0
Wes Welker,0.0
Wes Welker,0.0454545454545454
