Player,Year1,Year2,Year3,Year4,Year5,Year6,Year7,Year8,Year9,Retire,NextPercentile
A J Feeley,0.2926829268292683,0.4216867469879518,0.4216867469879518,0.2705882352941176,0.0919540229885057,0.449438202247191,0.5212765957446809,0.5666666666666667,0.216867469879518,0,0.0232558139534883
Alex Smith,0.0459770114942528,0.3258426966292135,0.4787234042553192,0.4444444444444444,0.5060240963855421,0.6162790697674418,0.85,0.7972972972972973,0.8285714285714286,0,0.8243243243243243
Alex Van Pelt,0.1931818181818181,0.2777777777777778,0.4333333333333333,0.2022471910112359,0.4044943820224719,0.5555555555555556,0.8170731707317073,0.6867469879518072,0.4819277108433735,1,
Archie Manning,0.1333333333333333,0.5641025641025641,0.7948717948717948,0.903846153846154,0.7307692307692307,0.293103448275862,0.3968253968253968,0.7538461538461538,0.9384615384615383,0,0.9710144927536232
Ben Roethlisberger,0.3176470588235294,0.7586206896551724,0.8764044943820225,0.925531914893617,0.7888888888888889,0.8433734939759037,0.8604651162790697,0.9125,0.918918918918919,0,0.8714285714285714
Bernie Kosar,0.1951219512195122,0.5176470588235295,0.9609375,0.9529411764705882,0.9390243902439024,0.8354430379746836,0.8421052631578947,0.775,0.7848101265822784,0,0.691358024691358
Bert Jones,0.1025641025641025,0.4807692307692308,0.7884615384615384,0.9827586206896552,1.0,1.0,0.9230769230769232,0.8260869565217391,0.7464788732394366,0,0.7605633802816901
Bill Kenney,0.2898550724637681,0.5492957746478874,0.7464788732394366,0.9012345679012346,0.8928571428571429,0.926829268292683,0.8,0.890625,0.6470588235294118,1,
Billy Joe Tolliver,0.073170731707317,0.3544303797468354,0.5526315789473685,0.6,0.5443037974683544,0.5925925925925926,0.4090909090909091,0.1444444444444444,0.1666666666666666,0,0.4044943820224719
Billy Volek,0.0121951219512195,0.0240963855421686,0.253012048192771,0.611764705882353,0.8275862068965517,0.651685393258427,0.2765957446808511,0.0555555555555555,0.2048192771084337,0,0.5813953488372093
Bob Avellini,0.1346153846153846,0.3793103448275862,0.7936507936507936,0.7692307692307693,0.7076923076923077,0.463768115942029,0.2676056338028169,0.2676056338028169,0.2839506172839506,0,0.25
Bob Gagliano,0.1971830985915492,0.1975308641975308,0.2023809523809523,0.0609756097560975,0.0705882352941176,0.40625,0.1411764705882353,0.4512195121951219,0.4177215189873418,0,0.4605263157894737
Bob Griese,0.8620689655172413,0.9666666666666668,0.9487179487179488,0.9743589743589745,0.9615384615384616,0.9807692307692308,0.913793103448276,0.9523809523809524,0.9384615384615383,0,0.8615384615384616
Bobby Hebert,0.2439024390243902,0.4235294117647059,0.84375,0.8117647058823529,0.8658536585365854,0.6455696202531646,0.5657894736842105,0.6875,0.9113924050632912,0,0.8641975308641975
Bobby Scott,0.1282051282051282,0.4038461538461538,0.4615384615384615,0.5344827586206896,0.6349206349206349,0.6461538461538462,0.6307692307692307,0.6521739130434783,0.4647887323943662,1,
Boomer Esiason,0.1904761904761904,0.5609756097560976,0.9411764705882352,0.9765625,0.9882352941176472,0.9878048780487804,0.9620253164556962,0.9078947368421052,0.675,0,0.7215189873417721
Brad Johnson,0.1358024691358024,0.2840909090909091,0.6555555555555556,0.8333333333333334,0.9101123595505618,0.9662921348314608,0.9222222222222224,0.926829268292683,0.927710843373494,0,0.9397590361445785
Brett Favre,0.0,0.3,0.5063291139240507,0.9629629629629628,0.9886363636363636,1.0,1.0,1.0,1.0,0,0.9555555555555556
Brian Griese,0.0,0.2022471910112359,0.6333333333333333,0.8414634146341463,0.8674698795180723,0.6987951807228916,0.7764705882352941,0.7241379310344828,0.6741573033707865,0,0.6063829787234043
Brian Sipe,0.2692307692307692,0.4230769230769231,0.7758620689655172,0.8095238095238095,0.8615384615384616,0.8769230769230769,0.9855072463768116,0.8873239436619719,0.8028169014084507,0,0.8024691358024691
Bruce Gradkowski,0.1573033707865168,0.3297872340425531,0.3333333333333333,0.4216867469879518,0.5232558139534884,0.6125,0.4594594594594595,0.2285714285714285,0.0675675675675675,1,
Bubby Brister,0.2117647058823529,0.3359375,0.5176470588235295,0.5121951219512195,0.7215189873417721,0.6842105263157895,0.65,0.6962025316455697,0.7037037037037037,0,0.6704545454545454
Byron Leftwich,0.216867469879518,0.6941176470588235,0.9195402298850576,0.8876404494382022,0.7446808510638298,0.6444444444444445,0.5783132530120482,0.6627906976744186,0.325,0,0.3918918918918919
Cam Newton,0.4,0.7297297297297297,0.9428571428571428,0.8378378378378378,0.8493150684931506,0.8333333333333334,0.8082191780821918,0.7647058823529411,0.676056338028169,0,0.6338028169014085
Carson Palmer,0.2823529411764706,0.8160919540229885,0.9550561797752808,0.9680851063829788,0.9333333333333332,0.8192771084337349,0.7441860465116279,0.7875,0.7432432432432432,0,0.8
Case Keenum,0.2857142857142857,0.4594594594594595,0.6301369863013698,0.6805555555555556,0.821917808219178,0.8529411764705882,0.8169014084507042,0.5774647887323944,0.5,0,0.3513513513513513
Chad Henne,0.1222222222222222,0.2891566265060241,0.5465116279069767,0.575,0.5135135135135135,0.4857142857142857,0.5675675675675675,0.3835616438356164,0.1805555555555555,0,0.0273972602739726
Chad Pennington,0.2888888888888888,0.4756097560975609,0.8433734939759037,0.7951807228915663,0.8823529411764706,0.735632183908046,0.8314606741573034,0.7553191489361702,0.8777777777777778,0,0.7951807228915663
Charlie Batch,0.3146067415730337,0.6741573033707865,0.8444444444444444,0.8048780487804879,0.4457831325301205,0.4457831325301205,0.2470588235294117,0.4712643678160919,0.5393258426966292,0,0.7872340425531915
Charlie Whitehurst,0.1011235955056179,0.0425531914893617,0.0333333333333333,0.0120481927710843,0.1511627906976744,0.3125,0.2972972972972973,0.1428571428571428,0.1891891891891892,0,0.3424657534246575
Chase Daniel,0.0813953488372093,0.2875,0.6756756756756757,0.7714285714285715,0.7162162162162162,0.6027397260273972,0.7222222222222222,0.547945205479452,0.4558823529411764,0,0.3943661971830985
Chris Chandler,0.1529411764705882,0.4878048780487805,0.6962025316455697,0.5131578947368421,0.575,0.4810126582278481,0.7407407407407407,0.7386363636363636,0.7888888888888889,0,0.7333333333333333
Chris Miller,0.2890625,0.388235294117647,0.7195121951219512,0.8227848101265823,0.8947368421052632,0.9375,0.8481012658227848,0.6296296296296297,0.5681818181818182,0,0.3888888888888889
Chris Redman,0.2111111111111111,0.1463414634146341,0.3734939759036144,0.1686746987951807,0.2588235294117647,0.0689655172413793,0.0112359550561797,0.3085106382978723,0.2888888888888888,0,0.5542168674698795
Cliff Stoudt,0.2753623188405797,0.380281690140845,0.5070422535211268,0.5185185185185185,0.3333333333333333,0.2560975609756097,0.188235294117647,0.3671875,0.2941176470588235,1,
Colt Mccoy,0.2906976744186046,0.425,0.6081081081081081,0.6285714285714286,0.6756756756756757,0.726027397260274,0.4305555555555556,0.2054794520547945,0.2352941176470588,0,0.4366197183098591
Damon Huard,0.2134831460674157,0.3932584269662921,0.6111111111111112,0.4024390243902439,0.144578313253012,0.0120481927710843,0.0235294117647058,0.0344827586206896,0.3033707865168539,0,0.425531914893617
Dan Fouts,0.2051282051282051,0.6730769230769231,0.8269230769230769,0.8793103448275862,0.8571428571428571,0.9230769230769232,0.9846153846153848,1.0,1.0,0,1.0
Dan Marino,0.4074074074074074,0.9047619047619048,0.9878048780487804,1.0,1.0,1.0,0.9634146341463414,0.9367088607594936,0.9473684210526316,0,0.9625
Dan Orlovsky,0.1379310344827586,0.146067415730337,0.1063829787234042,0.1666666666666666,0.1686746987951807,0.1744186046511628,0.15,0.3513513513513513,0.3428571428571428,0,0.1216216216216216
Dan Pastorini,0.2666666666666666,0.4615384615384615,0.6410256410256411,0.7307692307692307,0.75,0.8448275862068966,0.8412698412698413,0.8307692307692308,0.7846153846153846,0,0.8115942028985508
Danny White,0.2586206896551724,0.365079365079365,0.6615384615384615,0.5384615384615384,0.7246376811594203,0.7605633802816901,0.9014084507042254,0.9506172839506172,0.9166666666666666,0,0.902439024390244
Daunte Culpepper,0.0112359550561797,0.5,0.7560975609756098,0.9156626506024096,0.891566265060241,0.9647058823529412,0.9310344827586208,0.8539325842696629,0.6702127659574468,0,0.5888888888888889
Dave Brown,0.0875,0.0759493670886076,0.2469135802469135,0.4772727272727273,0.5777777777777777,0.6,0.5056179775280899,0.5617977528089888,0.5444444444444444,1,
Dave Krieg,0.0144927536231884,0.2957746478873239,0.4929577464788732,0.7037037037037037,0.8214285714285714,0.9146341463414634,0.9647058823529412,0.9375,0.8823529411764706,0,0.7560975609756098
David Carr,0.0,0.144578313253012,0.4705882352941176,0.6666666666666666,0.5617977528089888,0.4361702127659574,0.6777777777777778,0.6626506024096386,0.627906976744186,0,0.2125
David Garrard,0.1325301204819277,0.3734939759036144,0.6705882352941176,0.8045977011494253,0.8089887640449438,0.9148936170212766,0.9,0.891566265060241,0.813953488372093,1,
David Humm,0.173076923076923,0.4310344827586206,0.4603174603174603,0.3846153846153846,0.0307692307692307,0.2318840579710145,0.1126760563380281,0.2957746478873239,0.2592592592592592,0,0.3452380952380952
Derek Anderson,0.2247191011235955,0.648936170212766,0.7555555555555555,0.6385542168674698,0.3953488372093023,0.1625,0.4729729729729729,0.3,0.5540540540540541,0,0.273972602739726
Don Majkowski,0.4453125,0.5058823529411764,0.7804878048780488,0.7468354430379747,0.6447368421052632,0.4625,0.2658227848101265,0.3580246913580246,0.5795454545454546,0,0.6111111111111112
Don Strock,0.0384615384615384,0.2884615384615384,0.5862068965517241,0.7301587301587301,0.6923076923076923,0.676923076923077,0.6956521739130435,0.704225352112676,0.4647887323943662,0,0.6296296296296297
Donovan Mcnabb,0.0898876404494382,0.5666666666666667,0.8658536585365854,0.9518072289156626,0.927710843373494,0.976470588235294,0.9540229885057472,0.9662921348314608,0.9574468085106383,0,0.9666666666666668
Doug Pederson,0.1012658227848101,0.074074074074074,0.0795454545454545,0.0555555555555555,0.0666666666666666,0.1797752808988764,0.3033707865168539,0.5222222222222223,0.3536585365853658,0,0.3373493975903614
Doug Williams,0.2461538461538461,0.6153846153846154,0.8695652173913043,0.971830985915493,0.9577464788732394,0.7654320987654321,0.3214285714285714,0.0609756097560975,0.0941176470588235,0,0.59375
Drew Bledsoe,0.1645569620253164,0.4814814814814814,0.7840909090909091,0.8444444444444444,0.9,0.9550561797752808,0.9438202247191012,0.8666666666666667,0.7195121951219512,0,0.7710843373493976
Drew Brees,0.2804878048780488,0.6144578313253012,0.8192771084337349,0.9058823529411764,0.9080459770114944,0.9887640449438202,0.9787234042553192,0.9888888888888888,1.0,0,0.9883720930232558
Drew Stanton,0.2333333333333333,0.3253012048192771,0.7325581395348837,0.4375,0.2297297297297297,0.0285714285714285,0.2972972972972973,0.3561643835616438,0.4722222222222222,0,0.3835616438356164
Eli Manning,0.1411764705882353,0.5057471264367817,0.7640449438202247,0.8617021276595744,0.8222222222222222,0.8313253012048193,0.8953488372093024,0.9,0.945945945945946,0,0.7857142857142857
Eric Hipple,0.2535211267605634,0.5352112676056338,0.7283950617283951,0.6666666666666666,0.6951219512195121,0.6823529411764706,0.6796875,0.4235294117647059,0.3414634146341463,1,
Erik Kramer,0.328125,0.1058823529411764,0.1463414634146341,0.0253164556962025,0.2105263157894736,0.375,0.6582278481012658,0.6419753086419753,0.9090909090909092,0,0.8
Frank Reich,0.3658536585365853,0.4705882352941176,0.65625,0.0235294117647058,0.3170731707317073,0.6329113924050633,0.8289473684210527,0.6125,0.4936708860759494,0,0.419753086419753
Gale Gilbert,0.1463414634146341,0.3764705882352941,0.5703125,0.1647058823529411,0.0121951219512195,0.1645569620253164,0.1973684210526315,0.1875,0.0126582278481012,0,0.1975308641975308
Gary Danielson,0.2222222222222222,0.6,0.5230769230769231,0.6376811594202898,0.5633802816901409,0.7183098591549296,0.691358024691358,0.7976190476190477,0.8536585365853658,0,0.6
Gary Kubiak,0.2962962962962963,0.5476190476190477,0.8170731707317073,0.7647058823529411,0.7421875,0.5764705882352941,0.4756097560975609,0.5316455696202531,0.4078947368421052,1,
Gus Frerotte,0.1111111111111111,0.3636363636363636,0.6666666666666666,0.7888888888888889,0.7415730337078652,0.7415730337078652,0.8,0.902439024390244,0.7831325301204819,0,0.6385542168674698
Hugh Millen,0.2421875,0.2588235294117647,0.524390243902439,0.569620253164557,0.4868421052631579,0.525,0.2911392405063291,0.4074074074074074,0.5340909090909091,1,
Jack Trudeau,0.1529411764705882,0.546875,0.4352941176470588,0.5487804878048781,0.6075949367088608,0.4736842105263157,0.5,0.3670886075949367,0.4691358024691358,0,0.4659090909090909
Jake Delhomme,0.2584269662921348,0.2666666666666666,0.2560975609756097,0.3132530120481928,0.5301204819277109,0.8117647058823529,0.8735632183908046,0.9438202247191012,0.9042553191489362,0,0.8888888888888888
Jake Plummer,0.2333333333333333,0.5617977528089888,0.6067415730337079,0.6777777777777778,0.6707317073170732,0.7590361445783133,0.8674698795180723,0.8,0.9655172413793104,0,0.898876404494382
James Harris 2,0.2758620689655172,0.3666666666666666,0.358974358974359,0.4358974358974359,0.8076923076923077,0.9423076923076924,0.9482758620689656,0.8888888888888888,0.8,0,0.5692307692307692
Jamie Martin,0.1666666666666666,0.2111111111111111,0.4606741573033708,0.2808988764044944,0.6,0.5609756097560976,0.7951807228915663,0.4578313253012048,0.3294117647058823,0,0.4482758620689655
Jason Campbell,0.2921348314606741,0.5638297872340425,0.8555555555555555,0.8554216867469879,0.8837209302325582,0.7625,0.6486486486486487,0.6571428571428571,0.6486486486486487,1,
Jay Cutler,0.1797752808988764,0.4680851063829787,0.8444444444444444,0.8674698795180723,0.8488372093023255,0.7,0.6891891891891891,0.6714285714285714,0.6891891891891891,0,0.7671232876712328
Jay Schroeder,0.2804878048780488,0.6352941176470588,0.96875,0.9294117647058824,0.7682926829268293,0.7974683544303798,0.75,0.7875,0.6075949367088608,0,0.5679012345679012
Jeff Blake,0.075,0.0632911392405063,0.3209876543209876,0.7045454545454546,0.9222222222222224,0.9111111111111112,0.8764044943820225,0.7865168539325843,0.7888888888888889,0,0.5121951219512195
Jeff Garcia,0.3370786516853932,0.8555555555555555,0.9878048780487804,1.0,0.963855421686747,0.8941176470588236,0.7701149425287356,0.7865168539325843,0.8936170212765957,0,0.9111111111111112
Jeff George,0.240506329113924,0.4473684210526316,0.6375,0.5822784810126582,0.654320987654321,0.8295454545454546,0.7555555555555555,0.8111111111111111,0.6629213483146067,0,0.8314606741573034
Jeff Hostetler,0.0823529411764705,0.0546875,0.1176470588235294,0.4268292682926829,0.6708860759493671,0.8026315789473685,0.8625,0.9367088607594936,0.9012345679012346,0,0.8977272727272727
Jeff Kemp,0.056338028169014,0.0845070422535211,0.2345679012345679,0.3928571428571428,0.5121951219512195,0.8117647058823529,0.8515625,0.7176470588235294,0.4146341463414634,0,0.0759493670886076
Jeff Rutledge,0.0153846153846153,0.217391304347826,0.4507042253521127,0.352112676056338,0.4444444444444444,0.3809523809523809,0.3536585365853658,0.388235294117647,0.5078125,0,0.5411764705882353
Jim Everett,0.2588235294117647,0.7109375,0.9176470588235294,0.975609756097561,1.0,0.9210526315789472,0.875,0.7088607594936709,0.8395061728395061,0,0.8522727272727273
Jim Harbaugh,0.3984375,0.3411764705882353,0.7317073170731707,0.759493670886076,0.8552631578947368,0.8875,0.8607594936708861,0.8271604938271605,0.8863636363636364,0,0.9333333333333332
Jim Kelly,0.3529411764705882,0.78125,0.9411764705882352,0.902439024390244,0.9493670886075948,1.0,0.9875,0.9746835443037974,0.8888888888888888,0,0.875
Jim Mcmahon,0.323943661971831,0.6172839506172839,0.9285714285714286,0.951219512195122,0.976470588235294,0.9453125,0.8588235294117647,0.8170731707317073,0.7721518987341772,0,0.7894736842105263
Jim Plunkett,0.5666666666666667,0.4871794871794871,0.7692307692307693,0.8846153846153846,0.903846153846154,0.8275862068965517,0.746031746031746,0.5384615384615384,0.4,0,0.4057971014492754
Jim Zorn,0.2413793103448276,0.6825396825396826,0.8461538461538461,0.953846153846154,0.9420289855072465,0.8732394366197183,0.7746478873239436,0.8271604938271605,0.6428571428571429,0,0.4634146341463415
Joe Ferguson,0.2564102564102564,0.6346153846153846,0.9230769230769232,0.9310344827586208,0.9682539682539684,0.9076923076923076,0.9076923076923076,0.8840579710144928,0.9577464788732394,0,0.9154929577464788
Joe Montana,0.1076923076923077,0.5362318840579711,0.9154929577464788,0.971830985915493,1.0,1.0,1.0,0.9882352941176472,0.984375,0,0.9647058823529412
Joe Theismann,0.5192307692307693,0.6153846153846154,0.8103448275862069,0.7619047619047619,0.7846153846153846,0.8307692307692308,0.8985507246376812,0.943661971830986,0.943661971830986,0,0.9629629629629628
John Elway,0.2098765432098765,0.5357142857142857,0.8658536585365854,0.9529411764705882,0.9921875,0.976470588235294,0.951219512195122,0.8734177215189873,0.881578947368421,0,0.85
John Friesz,0.1012658227848101,0.3157894736842105,0.3375,0.379746835443038,0.4567901234567901,0.7159090909090909,0.7,0.5,0.5280898876404494,0,0.2921348314606741
John Reaves,0.1538461538461538,0.2307692307692307,0.3461538461538461,0.3846153846153846,0.4655172413793103,0.5396825396825397,0.5076923076923077,0.3230769230769231,0.2463768115942029,0,0.1408450704225352
Jon Kitna,0.2444444444444444,0.3820224719101123,0.550561797752809,0.5777777777777777,0.524390243902439,0.5542168674698795,0.7831325301204819,0.788235294117647,0.7011494252873564,0,0.5280898876404494
Josh Mccown,0.108433734939759,0.180722891566265,0.4941176470588235,0.6091954022988506,0.4831460674157303,0.3617021276595745,0.1333333333333333,0.2289156626506024,0.0465116279069767,0,0.1875
Kellen Clemens,0.0786516853932584,0.2234042553191489,0.3888888888888889,0.4457831325301205,0.5116279069767442,0.5,0.5,0.4,0.3648648648648648,0,0.5205479452054794
Kelly Holcomb,0.1,0.0561797752808988,0.0561797752808988,0.0444444444444444,0.2439024390243902,0.4819277108433735,0.6506024096385542,0.6352941176470588,0.5402298850574713,0,0.4269662921348314
Ken Anderson 2,0.3333333333333333,0.7435897435897436,0.9487179487179488,1.0,1.0,1.0,0.984126984126984,0.8769230769230769,0.8153846153846154,0,0.782608695652174
Ken O Brien,0.2142857142857142,0.5853658536585366,0.8941176470588236,0.953125,0.7647058823529411,0.6707317073170732,0.7088607594936709,0.7236842105263158,0.7625,0,0.6455696202531646
Ken Stabler,0.2068965517241379,0.4333333333333333,0.6923076923076923,0.8205128205128205,0.9807692307692308,0.9615384615384616,0.9655172413793104,0.9047619047619048,0.8923076923076924,0,0.8461538461538461
Kent Graham,0.175,0.2025316455696202,0.4444444444444444,0.2954545454545454,0.4555555555555555,0.5444444444444444,0.8426966292134831,0.7640449438202247,0.7111111111111111,0,0.5853658536585366
Kerry Collins,0.1136363636363636,0.4222222222222222,0.5555555555555556,0.6067415730337079,0.4831460674157303,0.7666666666666667,0.7926829268292683,0.8192771084337349,0.7228915662650602,0,0.7647058823529411
Kordell Stewart,0.375,0.5,0.8666666666666667,0.8314606741573034,0.8539325842696629,0.7222222222222222,0.7804878048780488,0.8072289156626506,0.7349397590361446,0,0.3529411764705882
Kurt Warner,0.1235955056179775,0.6179775280898876,0.9444444444444444,1.0,0.9036144578313252,0.6626506024096386,0.5058823529411764,0.6436781609195402,0.7415730337078652,0,0.8191489361702128
Kyle Boller,0.0843373493975903,0.2941176470588235,0.5287356321839081,0.5842696629213483,0.723404255319149,0.5333333333333333,0.3855421686746988,0.2441860465116279,0.225,1,
Kyle Orton,0.0804597701149425,0.1123595505617977,0.2446808510638297,0.4111111111111111,0.7590361445783133,0.872093023255814,0.875,0.8243243243243243,0.7571428571428571,0,0.7837837837837838
Luke Mccown,0.0588235294117647,0.1034482758620689,0.1348314606741573,0.2659574468085106,0.3,0.3734939759036144,0.3255813953488372,0.35,0.2162162162162162,0,0.0714285714285714
Lynn Dickey,0.0666666666666666,0.0512820512820512,0.358974358974359,0.5769230769230769,0.6538461538461539,0.6206896551724138,0.6984126984126984,0.4615384615384615,0.4307692307692308,0,0.4347826086956521
Marc Wilson,0.1594202898550724,0.3380281690140845,0.5774647887323944,0.6049382716049383,0.6904761904761905,0.7439024390243902,0.6470588235294118,0.8359375,0.5647058823529412,0,0.5609756097560976
Mark Brunell,0.0617283950617283,0.3522727272727273,0.7333333333333333,0.9444444444444444,0.9438202247191012,0.9775280898876404,0.9111111111111112,0.8536585365853658,0.8313253012048193,0,0.7469879518072289
Mark Herrmann,0.2394366197183098,0.3580246913580246,0.4404761904761904,0.3780487804878049,0.4823529411764706,0.671875,0.6,0.6341463414634146,0.6835443037974683,0,0.5789473684210527
Mark Malone,0.1971830985915492,0.2253521126760563,0.4320987654320987,0.4166666666666667,0.6585365853658537,0.8470588235294118,0.796875,0.6588235294117647,0.6097560975609756,1,
Mark Rypien,0.2470588235294117,0.7439024390243902,0.9113924050632912,0.986842105263158,0.95,0.9493670886075948,0.7530864197530864,0.6818181818181818,0.7222222222222222,0,0.6888888888888889
Mark Sanchez,0.1566265060240964,0.4534883720930232,0.65,0.527027027027027,0.2428571428571428,0.2567567567567567,0.3972602739726027,0.5555555555555556,0.2876712328767123,0,0.2058823529411764
Matt Cassel,0.2528735632183908,0.4382022471910112,0.5319148936170213,0.6666666666666666,0.5421686746987951,0.7674418604651163,0.6625,0.6621621621621622,0.5,0,0.4189189189189189
Matt Cavanaugh,0.2307692307692307,0.5507246376811594,0.7746478873239436,0.7323943661971831,0.5308641975308642,0.5595238095238095,0.4756097560975609,0.611764705882353,0.578125,0,0.2705882352941176
Matt Hasselbeck,0.0674157303370786,0.3333333333333333,0.4878048780487805,0.7228915662650602,0.8554216867469879,0.8705882352941177,0.942528735632184,0.9213483146067416,0.946808510638298,0,0.7777777777777778
Matt Moore,0.1808510638297872,0.1555555555555555,0.4337349397590361,0.4186046511627907,0.625,0.5675675675675675,0.4285714285714285,0.4459459459459459,0.5753424657534246,0,0.75
Matt Ryan,0.3222222222222222,0.6867469879518072,0.9186046511627908,0.95,0.9594594594594594,0.9571428571428572,0.918918918918919,0.821917808219178,0.9583333333333334,0,0.9315068493150684
Matt Schaub,0.1764705882352941,0.4827586206896552,0.7191011235955056,0.851063829787234,0.8,0.9036144578313252,0.9418604651162792,0.925,0.9054054054054054,0,0.7285714285714285
Mike Glennon,0.1571428571428571,0.3378378378378378,0.3150684931506849,0.375,0.3287671232876712,0.5588235294117647,0.5352112676056338,0.4929577464788732,0.3783783783783784,1,
Mike Livingston,0.6551724137931034,0.6333333333333333,0.717948717948718,0.6923076923076923,0.8269230769230769,0.8076923076923077,0.8620689655172413,0.873015873015873,0.8153846153846154,0,0.6923076923076923
Mike Pagel,0.1690140845070422,0.4938271604938271,0.7380952380952381,0.7804878048780488,0.7764705882352941,0.6953125,0.4705882352941176,0.3536585365853658,0.4810126582278481,0,0.3947368421052631
Mike Phipps,0.7241379310344828,0.5333333333333333,0.7948717948717948,0.6666666666666666,0.7884615384615384,0.5961538461538461,0.603448275862069,0.5714285714285714,0.5538461538461539,0,0.5846153846153846
Mike Tomczak,0.1341463414634146,0.3411764705882353,0.734375,0.7529411764705882,0.8292682926829268,0.810126582278481,0.7368421052631579,0.7,0.6835443037974683,0,0.7283950617283951
Mike Vick,0.2317073170731707,0.5662650602409639,0.8313253012048193,0.8235294117647058,0.7931034482758621,0.8202247191011236,0.5531914893617021,0.2777777777777778,0.253012048192771,0,0.7209302325581395
Neil O Donnell,0.2631578947368421,0.55,0.8860759493670886,0.8518518518518519,0.9318181818181818,0.8888888888888888,0.8222222222222222,0.8202247191011236,0.7752808988764045,0,0.7333333333333333
Nick Foles,0.081081081081081,0.5571428571428572,0.7972972972972973,0.7808219178082192,0.6944444444444444,0.5205479452054794,0.5882352941176471,0.6056338028169014,0.7183098591549296,0,0.6756756756756757
Pat Ryan,0.1076923076923077,0.2,0.2608695652173913,0.1549295774647887,0.3661971830985915,0.5802469135802469,0.7261904761904762,0.6829268292682927,0.8235294117647058,0,0.859375
Peyton Manning,0.348314606741573,0.797752808988764,1.0,0.975609756097561,0.9759036144578314,1.0,1.0,1.0,1.0,0,0.9893617021276596
Phil Simms,0.1692307692307692,0.4202898550724637,0.5774647887323944,0.3098591549295774,0.419753086419753,0.5714285714285714,0.8414634146341463,0.8823529411764706,0.921875,0,0.8705882352941177
Philip Rivers,0.2352941176470588,0.3448275862068966,0.6853932584269663,0.7659574468085106,0.9444444444444444,0.963855421686747,1.0,0.9625,0.8513513513513513,0,0.8428571428571429
Randall Cunningham,0.1707317073170731,0.3294117647058823,0.765625,0.8235294117647058,0.8536585365853658,0.9240506329113924,0.7631578947368421,0.8375,0.6708860759493671,0,0.8148148148148148
Rex Grossman,0.0963855421686747,0.3411764705882353,0.5632183908045977,0.7303370786516854,0.6595744680851063,0.6222222222222222,0.3493975903614458,0.4883720930232558,0.4625,1,
Rich Gannon,0.1015625,0.188235294117647,0.2439024390243902,0.5569620253164557,0.7105263157894737,0.9125,0.8734177215189873,0.3703703703703703,0.4318181818181818,0,0.5444444444444444
Richard Todd,0.0172413793103448,0.4126984126984127,0.676923076923077,0.7692307692307693,0.7536231884057971,0.8309859154929577,0.8309859154929577,0.925925925925926,0.7857142857142857,0,0.5365853658536586
Rick Mirer,0.1392405063291139,0.3950617283950617,0.6022727272727273,0.6777777777777778,0.5222222222222223,0.3370786516853932,0.2247191011235955,0.3444444444444444,0.3902439024390244,0,0.2048192771084337
Rob Johnson 2,0.034090909090909,0.0888888888888888,0.4888888888888889,0.5842696629213483,0.8876404494382022,0.8222222222222222,0.8292682926829268,0.7349397590361446,0.5903614457831325,1,
Robert Griffin Iii,0.2837837837837837,0.4571428571428571,0.6621621621621622,0.2876712328767123,0.2777777777777778,0.136986301369863,0.2941176470588235,0.3098591549295774,0.3380281690140845,1,
Rodney Peete,0.1341463414634146,0.5189873417721519,0.6973684210526315,0.7125,0.5316455696202531,0.5432098765432098,0.5227272727272727,0.6333333333333333,0.5888888888888889,0,0.6404494382022472
Ron Jaworski,0.173076923076923,0.4038461538461538,0.5517241379310345,0.7142857142857143,0.7384615384615385,0.8,0.927536231884058,0.9295774647887324,0.8450704225352113,0,0.8641975308641975
Ryan Fitzpatrick,0.1724137931034483,0.1910112359550561,0.1595744680851064,0.1777777777777777,0.3132530120481928,0.6395348837209303,0.725,0.7702702702702703,0.8142857142857143,0,0.8783783783783784
Sage Rosenfels,0.036144578313253,0.1927710843373494,0.388235294117647,0.632183908045977,0.6629213483146067,0.8297872340425532,0.7444444444444445,0.5180722891566265,0.1976744186046511,1,
Sam Bradford,0.2674418604651162,0.3375,0.5945945945945946,0.5714285714285714,0.5135135135135135,0.4383561643835616,0.5972222222222222,0.7534246575342466,0.6911764705882353,1,
Scott Hunter,0.3,0.6410256410256411,0.717948717948718,0.5961538461538461,0.1153846153846153,0.2241379310344827,0.6190476190476191,0.6153846153846154,0.4769230769230769,1,
Scott Mitchell,0.05,0.3291139240506329,0.5185185185185185,0.9204545454545454,0.9,0.9555555555555556,0.7078651685393258,0.4943820224719101,0.4,0,0.3292682926829268
Sean Salisbury,0.2109375,0.0352941176470588,0.0609756097560975,0.0253164556962025,0.0131578947368421,0.2125,0.3924050632911392,0.5555555555555556,0.3977272727272727,0,0.3222222222222222
Seneca Wallace,0.1494252873563218,0.348314606741573,0.6382978723404256,0.7666666666666667,0.7108433734939759,0.6744186046511628,0.6375,0.4324324324324324,0.3571428571428571,1,
Shane Matthews,0.3333333333333333,0.3666666666666666,0.2921348314606741,0.2134831460674157,0.4333333333333333,0.573170731707317,0.5783132530120482,0.3493975903614458,0.5764705882352941,1,
Shaun Hill,0.0114942528735632,0.0449438202247191,0.2127659574468085,0.4555555555555555,0.7349397590361446,0.8023255813953488,0.775,0.7837837837837838,0.4714285714285714,0,0.4729729729729729
Stan Humphries,0.2195121951219512,0.3417721518987341,0.3289473684210526,0.5125,0.5949367088607594,0.8765432098765432,0.8068181818181818,0.7777777777777778,0.7,1,
Steve Bartkowski,0.2307692307692307,0.4137931034482758,0.5873015873015873,0.5692307692307692,0.6461538461538462,0.7971014492753623,0.8028169014084507,0.7887323943661971,0.8888888888888888,0,0.8809523809523809
Steve Beuerlein,0.1294117647058823,0.4390243902439024,0.4556962025316455,0.4210526315789473,0.4875,0.810126582278481,0.6666666666666666,0.7272727272727273,0.5888888888888889,0,0.7111111111111111
Steve Bono,0.0853658536585365,0.2352941176470588,0.6015625,0.4470588235294118,0.6219512195121951,0.3670886075949367,0.618421052631579,0.5375,0.7721518987341772,0,0.7160493827160493
Steve Deberg,0.1538461538461538,0.6,0.8405797101449275,0.7887323943661971,0.6901408450704225,0.7530864197530864,0.8095238095238095,0.8292682926829268,0.7176470588235294,0,0.7890625
Steve Dils,0.3188405797101449,0.4366197183098591,0.6056338028169014,0.5679012345679012,0.6190476190476191,0.4024390243902439,0.3647058823529411,0.5390625,0.4941176470588235,1,
Steve Grogan,0.3076923076923077,0.7241379310344828,0.9365079365079364,0.9846153846153848,0.9692307692307692,0.9130434782608696,0.8169014084507042,0.8732394366197183,0.9382716049382716,0,0.8690476190476191
Steve Mcnair,0.1590909090909091,0.5666666666666667,0.8,0.9325842696629212,0.9887640449438202,0.9777777777777776,0.9390243902439024,0.9397590361445785,0.9879518072289156,0,0.9294117647058824
Steve Walsh,0.0975609756097561,0.2911392405063291,0.5921052631578947,0.425,0.4177215189873418,0.382716049382716,0.4431818181818182,0.3111111111111111,0.1333333333333333,0,0.2247191011235955
Steve Young,0.2195121951219512,0.4,0.8828125,0.8352941176470589,0.9146341463414634,0.8607594936708861,0.9605263157894736,1.0,1.0,0,1.0
Tarvaris Jackson,0.2584269662921348,0.4574468085106383,0.7333333333333333,0.8072289156626506,0.7558139534883721,0.6875,0.3243243243243243,0.4428571428571428,0.4054054054054054,0,0.6164383561643836
Teddy Bridgewater,0.3108108108108108,0.4794520547945205,0.5277777777777778,0.1643835616438356,0.1764705882352941,0.5211267605633803,0.7323943661971831,0.8513513513513513,0.7972972972972973,0,0.4444444444444444
Terry Bradshaw,0.0689655172413793,0.7,0.8205128205128205,0.8461538461538461,0.8461538461538461,0.8653846153846154,0.896551724137931,0.9206349206349206,0.9692307692307692,0,1.0
Todd Bouman,0.3414634146341463,0.5180722891566265,0.7710843373493976,0.5176470588235295,0.4137931034482758,0.2134831460674157,0.1702127659574468,0.0111111111111111,0.0120481927710843,0,0.2093023255813953
Todd Collins,0.1022727272727272,0.3444444444444444,0.5777777777777777,0.4269662921348314,0.1573033707865168,0.0444444444444444,0.2682926829268293,0.5903614457831325,0.8072289156626506,0,0.7529411764705882
Tom Brady,0.1111111111111111,0.3780487804878049,0.5421686746987951,0.8433734939759037,0.8470588235294118,0.9770114942528736,0.9775280898876404,1.0,0.9777777777777776,0,0.9879518072289156
Tommy Kramer,0.2698412698412698,0.3692307692307692,0.7384615384615385,0.7391304347826086,0.8591549295774648,0.8873239436619719,0.8395061728395061,0.75,0.6219512195121951,0,0.8705882352941177
Tommy Maddox,0.1375,0.430379746835443,0.6049382716049383,0.5568181818181818,0.2111111111111111,0.0888888888888888,0.0224719101123595,0.0224719101123595,0.0444444444444444,0,0.3658536585365853
Tony Adams 2,0.1923076923076923,0.4482758620689655,0.6507936507936508,0.6307692307692307,0.3384615384615385,0.1884057971014492,0.0,0.0,0.0246913580246913,0,0.0357142857142857
Tony Banks,0.1222222222222222,0.4111111111111111,0.4943820224719101,0.5842696629213483,0.6555555555555556,0.6829268292682927,0.3975903614457831,0.4337349397590361,0.4470588235294118,0,0.6551724137931034
Tony Romo,0.0114942528735632,0.3820224719101123,0.8404255319148937,0.9555555555555556,0.9518072289156626,0.9302325581395348,0.9375,0.9324324324324323,0.9,0,0.8648648648648649
Trent Dilfer,0.1481481481481481,0.2727272727272727,0.5222222222222223,0.6111111111111112,0.797752808988764,0.8089887640449438,0.7777777777777778,0.7073170731707317,0.7108433734939759,0,0.5542168674698795
Trent Green,0.0777777777777777,0.3258426966292135,0.348314606741573,0.7444444444444445,0.6341463414634146,0.963855421686747,0.9759036144578314,0.9882352941176472,0.9885057471264368,0,0.8651685393258427
Trevor Siemian,0.0273972602739726,0.2361111111111111,0.4520547945205479,0.4264705882352941,0.2816901408450704,0.028169014084507,0.3513513513513513,0.3918918918918919,0.5,1,
Troy Aikman,0.1097560975609756,0.2784810126582278,0.631578947368421,0.925,0.9873417721518988,0.9876543209876544,0.9772727272727272,0.9444444444444444,0.9333333333333332,0,0.9213483146067416
Turk Schonert,0.1830985915492957,0.3943661971830985,0.654320987654321,0.7619047619047619,0.7926829268292683,0.788235294117647,0.6640625,0.3294117647058823,0.2073170731707317,1,
Ty Detmer,0.1265822784810126,0.1604938271604938,0.3409090909090909,0.4444444444444444,0.6777777777777778,0.7303370786516854,0.7191011235955056,0.5333333333333333,0.4512195121951219,1,
Vince Evans,0.0158730158730158,0.1846153846153846,0.4153846153846154,0.6811594202898551,0.7183098591549296,0.380281690140845,0.4567901234567901,0.2619047619047619,0.2317073170731707,0,0.0705882352941176
Vince Ferragamo,0.238095238095238,0.3538461538461538,0.5076923076923077,0.6086956521739131,0.4084507042253521,0.704225352112676,0.7407407407407407,0.8571428571428571,0.573170731707317,0,0.4470588235294118
Vinny Testaverde,0.28125,0.2117647058823529,0.5365853658536586,0.5822784810126582,0.5394736842105263,0.5875,0.759493670886076,0.9506172839506172,0.9545454545454546,0,0.9777777777777776
Wade Wilson,0.0422535211267605,0.0704225352112676,0.2222222222222222,0.2738095238095238,0.4512195121951219,0.5411764705882353,0.875,0.8941176470588236,0.8902439024390244,0,0.8481012658227848
Warren Moon,0.2857142857142857,0.4390243902439024,0.6941176470588235,0.8671875,0.9058823529411764,0.926829268292683,0.9873417721518988,0.9736842105263158,0.975,0,0.9240506329113924
