Player,Year1,Year2,Year3,Year4,Year5,Year6,Year7,Year8,Year9,Year10,Year11,Year12,Year13,Retire,NextPercentile
Adrian Peterson,0.3755186721991701,0.5402061855670103,0.7665289256198347,0.7572614107883817,0.7678571428571429,0.6826003824091779,0.5395256916996047,0.4621513944223107,0.4549019607843137,0.4168260038240918,0.3902912621359223,0.4101123595505618,0.5340699815837937,0,0.5387387387387388
Amani Toomer,0.2177033492822966,0.5474452554744526,0.7908653846153846,0.8997722095671982,0.9532710280373832,0.981264637002342,0.9867549668874172,0.9896694214876032,0.979633401221996,0.9468302658486708,0.892933618843683,0.908713692946058,0.8886597938144329,1,
Andre Johnson,0.6921487603305785,0.8940936863543788,0.9693251533742332,0.9635974304068522,0.95850622406639,0.9917525773195875,1.0,1.0,0.988095238095238,0.9904397705544932,0.984189723320158,0.9900398406374502,0.9450980392156862,0,0.8107074569789675
Andre Reed,0.4533333333333333,0.8217821782178217,0.966722129783694,0.9573333333333334,0.9637305699481864,0.9514824797843666,0.9870801033591732,0.9597855227882036,0.967654986522911,0.9479166666666666,0.9152542372881356,0.9354066985645934,0.9099756690997568,0,0.96875
Anquan Boldin,0.7417355371900827,0.8472505091649695,0.9754601226993864,0.9657387580299786,0.9813278008298756,0.9711340206185568,0.9380165289256198,0.946058091286307,0.9384920634920636,0.948374760994264,0.9723320158102768,0.9800796812749004,0.9745098039215686,0,0.9541108986615678
Antonio Gates,0.402892561983471,0.824847250509165,0.9631901840490796,0.9914346895074948,0.9854771784232366,0.9670103092783504,0.96900826446281,0.970954356846473,0.9761904761904762,0.9407265774378584,0.9209486166007904,0.9163346613545816,0.9254901960784314,0,0.9139579349904398
Art Monk,0.5595567867036011,0.8801089918256131,0.9169054441260746,0.940379403794038,0.9546599496221664,0.976,0.9826732673267328,0.9717138103161398,0.9653333333333334,0.966321243523316,0.954177897574124,0.9509043927648578,0.9276139410187668,0,0.9056603773584906
Benjamin Watson,0.1242362525458248,0.4907975460122699,0.7259100642398287,0.7966804979253111,0.7298969072164948,0.7789256198347108,0.8360995850622407,0.871031746031746,0.8738049713193117,0.8003952569169961,0.7390438247011952,0.8,0.6596558317399618,0,0.7359223300970874
Billy Johnson,0.5243445692883895,0.7272727272727273,0.9,0.8962264150943396,0.8219584569732937,0.6975476839237057,0.590027700831025,0.4768392370572207,0.2492836676217765,0.4498644986449864,0.7581863979848866,0.8853333333333333,0.8044554455445545,0,0.7737104825291181
Bobby Engram,0.284688995215311,0.5182481751824818,0.8317307692307693,0.8747152619589977,0.8551401869158879,0.7822014051522248,0.7660044150110376,0.8739669421487604,0.879837067209776,0.8875255623721882,0.8458244111349036,0.9045643153526972,0.8762886597938144,0,0.8553719008264463
Brandon Marshall,0.3019271948608137,0.7800829875518672,0.9278350515463918,0.981404958677686,0.9813278008298756,0.984126984126984,0.982791586998088,0.9881422924901184,0.9820717131474104,0.9901960784313726,0.9617590822179732,0.9300970873786408,0.7902621722846442,1,
Brandon Stokley,0.3690205011389522,0.6378504672897196,0.8056206088992974,0.8167770419426048,0.7975206611570248,0.8859470468431772,0.9141104294478528,0.8907922912205567,0.8568464730290456,0.843298969072165,0.9111570247933884,0.8651452282157677,0.7261904761904762,0,0.7304015296367112
Brian Kinchen,0.0293333333333333,0.2020725388601036,0.2479784366576819,0.2093023255813953,0.0134048257372654,0.3099730458221024,0.4921875,0.6464891041162227,0.7105263157894737,0.6788321167883211,0.6923076923076923,0.5489749430523918,0.4766355140186916,1,
Brian Kozlowski,0.03125,0.0799031476997578,0.2799043062200957,0.4695863746958637,0.6322115384615384,0.621867881548975,0.6425233644859814,0.7236533957845434,0.7152317880794702,0.6900826446280992,0.5885947046843177,0.5685071574642127,0.3961456102783726,0,0.3049792531120332
Brian Mitchell 2,0.0161725067385444,0.0232558139534883,0.099195710455764,0.2991913746630728,0.4869791666666667,0.6198547215496368,0.6578947368421053,0.754257907542579,0.7740384615384616,0.7425968109339408,0.6495327102803738,0.667447306791569,0.5033112582781457,0,0.4090909090909091
Charle Young,0.7021276595744681,0.9325842696629212,0.986013986013986,0.940625,0.8081761006289309,0.6112759643916914,0.5395095367847411,0.6759002770083102,0.7438692098092643,0.7220630372492837,0.7723577235772358,0.6876574307304786,0.7333333333333333,1,
Charlie Joiner,0.8625,0.9526315789473684,0.9532710280373832,0.9106382978723404,0.8314606741573034,0.8986013986013986,0.975,0.981132075471698,0.9614243323442137,0.9482288828337876,0.961218836565097,0.9809264305177112,0.9742120343839542,0,0.962059620596206
Christian Fauria,0.2929782082324455,0.5454545454545454,0.6618004866180048,0.6802884615384616,0.6332574031890661,0.6238317757009346,0.594847775175644,0.6799116997792495,0.737603305785124,0.7596741344195519,0.7198364008179959,0.6295503211991434,0.6431535269709544,1,
Cliff Branch,0.1355140186915887,0.5404255319148936,0.951310861423221,0.993006993006993,1.0,0.9968553459119496,0.9881305637982196,0.9591280653950952,0.969529085872576,0.9564032697547684,0.968481375358166,0.97289972899729,0.9496221662468514,1,
Cris Carter,0.4742096505823627,0.7813333333333333,0.9145077720207254,0.9164420485175202,0.9069767441860463,0.9115281501340484,0.9784366576819408,0.9713541666666666,0.9903147699757868,0.9832535885167464,0.9854014598540146,0.971153846153846,0.9954441913439636,0,0.9883177570093458
Danny Amendola,0.2644628099173554,0.6576763485477178,0.7599206349206349,0.8145315487571702,0.8241106719367589,0.8366533864541833,0.8529411764705882,0.7877629063097514,0.8310679611650486,0.8333333333333334,0.8950276243093923,0.8972972972972973,0.8579136690647482,1,
Darren Sproles,0.0797546012269938,0.0770877944325481,0.2302904564315352,0.5175257731958763,0.8099173553719008,0.8941908713692946,0.9444444444444444,0.9426386233269598,0.9387351778656128,0.9123505976095616,0.8372549019607843,0.8527724665391969,0.7398058252427184,0,0.7322097378277154
Dave Moore,0.1662198391420911,0.4150943396226415,0.59375,0.5907990314769975,0.631578947368421,0.6885644768856448,0.7524038461538461,0.7517084282460137,0.7453271028037384,0.7845433255269321,0.739514348785872,0.6425619834710744,0.5295315682281059,0,0.5194274028629857
Deion Sanders,0.0025906735751295,0.0,0.2041343669250646,0.4262734584450402,0.633423180592992,0.4713541666666667,0.4915254237288136,0.4282296650717703,0.389294403892944,0.5048076923076923,0.3804100227790433,0.3551401869158878,0.0702576112412178,0,0.0110375275938189
Delanie Walker,0.171306209850107,0.4211618257261411,0.6474226804123712,0.6508264462809917,0.6369294605809128,0.6388888888888888,0.7036328871892925,0.7628458498023716,0.8386454183266933,0.9274509803921568,0.9445506692160612,0.9553398058252428,0.8576779026217228,0,0.7550644567219152
Derrick Mason,0.1143552311435523,0.5600961538461539,0.7107061503416856,0.8411214953271028,0.9203747072599532,0.9735099337748344,0.987603305785124,0.9857433808553973,0.985685071574642,0.9464668094218416,0.946058091286307,0.9422680412371134,0.9731404958677686,0,0.975103734439834
Desean Jackson,0.5443298969072164,0.8636363636363636,0.966804979253112,0.9742063492063492,0.9464627151051626,0.9624505928853756,0.9780876494023903,0.9882352941176472,0.97131931166348,0.945631067961165,0.9625468164794008,0.9134438305709024,0.8792792792792793,0,0.829136690647482
Don Warren,0.3106267029972752,0.5263157894736842,0.6975476839237057,0.7564469914040115,0.7913279132791328,0.783375314861461,0.6666666666666666,0.5816831683168316,0.6206322795341098,0.2426666666666666,0.3730569948186528,0.4932614555256064,0.5788113695090439,0,0.4075067024128686
Donald Driver,0.1731207289293849,0.5747663551401869,0.7330210772833724,0.9050772626931568,0.9173553719008264,0.9714867617107944,0.9795501022494888,0.9957173447537472,0.9896265560165975,0.9896907216494846,0.975206611570248,0.9564315352697096,0.9087301587301588,0,0.8087954110898662
Drew Hill,0.2779291553133515,0.6011080332409973,0.8010899182561307,0.7765042979942693,0.5582655826558266,0.6272040302267002,0.8826666666666667,0.9851485148514852,0.9983361064891848,0.9946666666666668,0.9896373056994818,0.981132075471698,0.9612403100775194,0,0.935656836461126
Earnest Byner,0.2090680100755667,0.5146666666666667,0.7128712871287128,0.8635607321131448,0.84,0.8419689119170984,0.7601078167115903,0.7338501291989664,0.7158176943699732,0.7142857142857143,0.6484375,0.7070217917675545,0.7200956937799043,0,0.7104622871046229
Ed Mccaffrey,0.2377260981912144,0.5951742627345844,0.7654986522911051,0.796875,0.7796610169491526,0.8325358851674641,0.8759124087591241,0.9278846153846154,0.9681093394077448,0.9906542056074766,0.9484777517564404,0.9536423841059604,0.8409090909090909,1,
Ed West,0.2644836272040302,0.3866666666666666,0.6732673267326733,0.8119800332778702,0.72,0.7564766839378239,0.7628032345013477,0.8087855297157622,0.6434316353887399,0.5660377358490566,0.6171875,0.7191283292978208,0.6842105263157895,0,0.5644768856447688
Eddie Kennison,0.5430622009569378,0.7639902676399026,0.8389423076923077,0.8610478359908884,0.866822429906542,0.8875878220140515,0.911699779249448,0.9318181818181818,0.9674134419551936,0.967280163599182,0.9678800856531048,0.9066390041493776,0.6989690721649484,1,
Emmitt Smith,0.0026954177897574,0.0025839793281653,0.1849865951742627,0.5768194070080862,0.7604166666666666,0.7869249394673123,0.6291866028708134,0.5109489051094891,0.3557692307692308,0.4464692482915717,0.3504672897196261,0.4168618266978923,0.3973509933774834,0,0.493801652892562
Eric Metcalf,0.4041450777202072,0.6630727762803235,0.7932816537467701,0.7533512064343163,0.7681940700808625,0.78125,0.900726392251816,0.930622009569378,0.9318734793187348,0.84375,0.7699316628701595,0.5607476635514018,0.2763466042154566,1,
Franco Harris,0.3364485981308411,0.4297872340425532,0.6479400749063671,0.6573426573426573,0.715625,0.610062893081761,0.5222551928783383,0.5776566757493188,0.6648199445983379,0.659400544959128,0.673352435530086,0.6260162601626016,0.5037783375314862,1,
Frank Gore,0.1574642126789366,0.5032119914346895,0.7551867219917012,0.8103092783505155,0.8285123966942148,0.8153526970954357,0.7619047619047619,0.6978967495219885,0.6343873517786561,0.6195219123505976,0.6098039215686275,0.7380497131931166,0.7495145631067961,0,0.7546816479400749
Frank Lewis,0.2052631578947368,0.602803738317757,0.8170212765957446,0.902621722846442,0.8846153846153846,0.8625,0.8270440251572327,0.8991097922848664,0.9455040871934604,0.9584487534626038,0.9645776566757494,0.9484240687679084,0.94579945799458,1,
Fred Taylor,0.3942307692307692,0.5808656036446469,0.647196261682243,0.4496487119437939,0.5849889624724062,0.7252066115702479,0.8044806517311609,0.7525562372188139,0.6873661670235546,0.553941908713693,0.465979381443299,0.3801652892561983,0.3153526970954357,1,
Greg Olsen,0.3485477178423236,0.6783505154639176,0.8739669421487604,0.8402489626556017,0.8333333333333334,0.869980879541109,0.924901185770751,0.950199203187251,0.9588235294117649,0.9732313575525812,0.9359223300970874,0.8857677902621723,0.8379373848987108,0,0.8306306306306306
Harold Carmichael,0.4894736842105263,0.6542056074766355,0.9617021276595744,1.0,1.0,0.98125,0.9654088050314464,0.9762611275964392,0.994550408719346,0.9889196675900276,0.9536784741144414,0.9283667621776504,0.9051490514905148,0,0.8060453400503779
Henry Ellard,0.2222222222222222,0.6624685138539043,0.888,0.9207920792079208,0.956738768718802,0.9706666666666668,0.9974093264248703,0.9973045822102424,0.9948320413436692,0.9839142091152816,0.9757412398921832,0.984375,0.9830508474576272,0,0.985645933014354
Hines Ward,0.3293269230769231,0.7015945330296127,0.8855140186915887,0.9133489461358314,0.977924944812362,0.9917355371900828,0.989816700610998,0.9918200408997956,0.9721627408993576,0.966804979253112,0.9567010309278352,0.962809917355372,0.9605809128630706,0,0.9067460317460316
Hoby Brenner,0.1743869209809264,0.4412607449856733,0.7317073170731707,0.8765743073047859,0.9066666666666666,0.8688118811881188,0.8868552412645591,0.7253333333333334,0.7253886010362695,0.6792452830188679,0.7157622739018088,0.6407506702412868,0.6738544474393531,1,
Howard Cross,0.1528497409326424,0.3261455525606469,0.5762273901808785,0.5817694369973191,0.7008086253369272,0.7630208333333334,0.784503631961259,0.715311004784689,0.5060827250608273,0.2908653846153846,0.2619589977220957,0.2593457943925233,0.2950819672131147,1,
Irving Fryar,0.216624685138539,0.696,0.8762376237623762,0.961730449251248,0.9306666666666666,0.9196891191709844,0.921832884097035,0.937984496124031,0.967828418230563,0.981132075471698,0.9869791666666666,0.9854721549636803,0.9904306220095692,0,0.9878345498783456
Isaac Bruce,0.3854166666666667,0.847457627118644,0.971291866028708,0.9829683698296836,0.935096153846154,0.9567198177676538,0.9766355140186916,0.9859484777517564,0.9668874172185432,0.950413223140496,0.9470468431771896,0.9243353783231084,0.9143468950749464,0,0.9398340248962656
James Lofton,0.6083086053412463,0.8692098092643051,0.9833795013850416,0.997275204359673,0.994269340974212,1.0,1.0,0.9946666666666668,0.9504950495049505,0.9650582362728786,0.9386666666666666,0.9378238341968912,0.8921832884097035,0,0.9198966408268734
Jared Cook,0.1694214876033057,0.4979253112033195,0.7777777777777778,0.8508604206500956,0.8794466403162056,0.8824701195219123,0.8392156862745098,0.8202676864244742,0.7728155339805826,0.897003745318352,0.9502762430939228,0.9441441441441442,0.9262589928057554,1,
Jason Witten,0.390495867768595,0.7169042769857433,0.901840490797546,0.9229122055674518,0.9564315352697096,0.9608247422680412,0.9772727272727272,0.9854771784232366,0.9722222222222222,0.9694072657743786,0.9545454545454546,0.954183266932271,0.9294117647058824,0,0.9024856596558316
Jerome Bettis,0.1428571428571428,0.4583333333333333,0.5883777239709443,0.5215311004784688,0.3698296836982968,0.3581730769230769,0.4396355353075171,0.4205607476635514,0.4379391100702576,0.4635761589403973,0.4235537190082644,0.4480651731160896,0.4458077709611452,1,
Jerry Rice,0.5333333333333333,0.9257425742574258,1.0,1.0,1.0,1.0,1.0,1.0,0.9973045822102424,0.9973958333333334,1.0,1.0,0.951338199513382,0,0.9182692307692308
Jimmie Giles,0.2484276729559748,0.5133531157270029,0.8174386920980926,0.8808864265927978,0.9455040871934604,0.9312320916905444,0.907859078590786,0.8589420654911839,0.7866666666666666,0.8267326732673267,0.8618968386023295,0.7173333333333334,0.6813471502590673,1,
Jimmy Graham,0.3381742738589212,0.8194444444444444,0.959847036328872,0.9901185770750988,0.9741035856573704,0.9627450980392156,0.9196940726577438,0.9281553398058252,0.9288389513108616,0.8987108655616943,0.8774774774774775,0.8237410071942446,0.5894538606403014,0,0.5098039215686274
Jimmy Kleinsasser,0.0022779043280182,0.0747663551401869,0.1990632318501171,0.6556291390728477,0.7727272727272727,0.7617107942973523,0.6646216768916156,0.3897216274089936,0.4730290456431535,0.554639175257732,0.6033057851239669,0.5705394190871369,0.4027777777777778,1,
Joey Galloway,0.612590799031477,0.8564593301435407,0.97323600973236,0.9831730769230768,0.9703872437357632,0.8925233644859814,0.8266978922716628,0.891832229580574,0.9380165289256198,0.9266802443991852,0.9570552147239264,0.9785867237687366,0.9937759336099584,0,0.936082474226804
John Riggins,0.5368421052631579,0.6495327102803738,0.7361702127659574,0.7228464419475655,0.7412587412587412,0.746875,0.710691823899371,0.6795252225519288,0.7193460490463215,0.5290858725761773,0.4713896457765668,0.3495702005730659,0.3983739837398374,0,0.3350125944584383
John Stallworth,0.4157303370786517,0.7097902097902098,0.803125,0.9088050314465408,0.9376854599406528,0.997275204359673,0.9529085872576176,0.9073569482288828,0.8853868194842407,0.8888888888888888,0.9571788413098236,0.9546666666666668,0.9702970297029704,0,0.9417637271214644
Julio Jones,0.5714285714285714,0.9158699808795412,0.9525691699604744,0.9760956175298804,0.9862745098039216,0.9980879541108988,0.9980582524271844,0.99812734082397,0.996316758747698,0.9891891891891892,0.960431654676259,0.8775894538606404,0.7705882352941177,1,
Keenan Mccardell,0.1581769436997319,0.5633423180592992,0.7526041666666666,0.8450363196125908,0.9138755980861244,0.9562043795620438,0.9735576923076924,0.9726651480637812,0.9462616822429908,0.9414519906323184,0.9381898454746136,0.962809917355372,0.9348268839103868,0,0.952965235173824
Keith Byars,0.0618811881188118,0.5158069883527454,0.632,0.810880829015544,0.8571428571428571,0.8036175710594315,0.7801608579088471,0.738544474393531,0.8046875,0.7675544794188862,0.7870813397129187,0.7396593673965937,0.7596153846153846,1,
Kevin Faulk,0.1184510250569476,0.3785046728971962,0.5480093676814989,0.6512141280353201,0.7231404958677686,0.745417515274949,0.6993865030674846,0.6895074946466809,0.7385892116182573,0.8268041237113402,0.8223140495867769,0.7676348547717843,0.5654761904761905,1,
Kyle Brady,0.3438256658595641,0.4760765550239234,0.6058394160583942,0.6033653846153846,0.7084282460136674,0.7897196261682243,0.8290398126463701,0.8763796909492274,0.7768595041322314,0.7128309572301426,0.3926380368098159,0.3533190578158458,0.3796680497925311,1,
Larry Centers,0.0723514211886304,0.3672922252010724,0.6657681940700808,0.8307291666666666,0.8958837772397095,0.9282296650717704,0.8905109489051095,0.8485576923076923,0.7835990888382688,0.7616822429906542,0.7611241217798594,0.7858719646799117,0.7210743801652892,1,
Larry Fitzgerald,0.4867617107942973,0.8977505112474438,0.987152034261242,0.991701244813278,0.9938144329896909,0.993801652892562,0.995850622406639,0.996031746031746,0.994263862332696,0.982213438735178,0.9462151394422312,0.9607843137254902,0.9521988527724664,0,0.9728155339805824
Lorenzo Neal,0.0338541666666666,0.3268765133171913,0.430622009569378,0.4987834549878345,0.3677884615384615,0.4100227790432801,0.3878504672897196,0.4519906323185012,0.5165562913907285,0.506198347107438,0.4541751527494908,0.4519427402862985,0.4047109207708779,0,0.3568464730290456
Mack Strong,0.0026041666666666,0.0920096852300242,0.2631578947368421,0.4939172749391727,0.3822115384615384,0.296127562642369,0.2733644859813084,0.4402810304449648,0.5518763796909493,0.6239669421487604,0.6130346232179226,0.6523517382413088,0.4582441113490364,0,0.5062240663900415
Marcus Allen,0.5587392550143266,0.7046070460704607,0.9143576826196472,0.8933333333333333,0.8836633663366337,0.8985024958402662,0.7093333333333334,0.5958549222797928,0.4636118598382749,0.5116279069767442,0.6058981233243967,0.6765498652291105,0.7369791666666666,0,0.6731234866828087
Mark Bruener,0.3196125907990315,0.5287081339712919,0.6447688564476886,0.6201923076923077,0.5763097949886105,0.6588785046728972,0.6487119437939111,0.6048565121412803,0.4752066115702479,0.4562118126272912,0.4417177914110429,0.5096359743040685,0.3547717842323651,1,
Marvin Harrison,0.5980861244019139,0.8491484184914841,0.9519230769230768,0.9817767653758542,0.9953271028037384,1.0,1.0,1.0,1.0,0.9959100204498976,0.9978586723768736,0.9730290456431536,0.934020618556701,1,
Mickey Shuler 2,0.172106824925816,0.4604904632152589,0.6481994459833795,0.4686648501362397,0.5787965616045845,0.6043360433604336,0.8916876574307305,0.9173333333333332,0.9455445544554456,0.9234608985024958,0.888,0.8393782383419689,0.8221024258760108,0,0.7002583979328165
Mike Sellers,0.0336538461538461,0.2118451025056947,0.4976635514018692,0.6557377049180327,0.5055187637969095,0.2458677685950413,0.2321792260692464,0.4948875255623722,0.6081370449678801,0.5871369294605809,0.4927835051546392,0.5599173553719008,0.6099585062240664,0,0.623015873015873
Mike Tice,0.0980926430517711,0.1489971346704871,0.1924119241192411,0.3123425692695214,0.2426666666666666,0.4975247524752475,0.6222961730449251,0.5146666666666667,0.3575129533678756,0.1590296495956873,0.2583979328165374,0.4343163538873995,0.4878706199460916,0,0.3151041666666667
Muhsin Muhammad,0.3971291866028708,0.656934306569343,0.8413461538461539,0.908883826879271,0.955607476635514,0.927400468384075,0.9183222958057397,0.871900826446281,0.955193482688391,0.9406952965235174,0.9593147751605996,0.921161825726141,0.9257731958762888,0,0.9090909090909092
Nat Moore,0.6142322097378277,0.8881118881118881,0.95625,0.9842767295597484,0.9910979228486648,0.989100817438692,0.9473684210526316,0.9209809264305178,0.8252148997134671,0.8455284552845529,0.8236775818639799,0.9093333333333332,0.9133663366336634,1,
Ottis Anderson,0.3678474114441417,0.5872576177285319,0.6948228882833788,0.5931232091690545,0.6693766937669376,0.7481108312342569,0.7706666666666667,0.6262376237623762,0.5607321131447587,0.1706666666666666,0.3601036269430052,0.4986522911051212,0.524547803617571,1,
Ozzie Newsome,0.486646884272997,0.8310626702997275,0.9196675900277008,0.9673024523160764,0.9799426934097422,0.989159891598916,0.9874055415617128,0.9653333333333334,0.938118811881188,0.9051580698835274,0.824,0.7797927461139896,0.7358490566037735,1,
Pete Metzelaars,0.0601719197707736,0.2547425474254742,0.3879093198992443,0.4186666666666667,0.5470297029702971,0.632279534109817,0.6186666666666667,0.5803108808290155,0.6765498652291105,0.5968992248062015,0.6836461126005362,0.7978436657681941,0.8567708333333334,0,0.8087167070217918
Plaxico Burress,0.2009345794392523,0.7189695550351288,0.9293598233995584,0.956611570247934,0.9511201629327902,0.9447852760736196,0.9507494646680942,0.979253112033195,0.9505154639175256,0.8409090909090909,0.3858921161825726,0.4801587301587302,0.6615678776290631,1,
Randall Cobb,0.369047619047619,0.7992351816443595,0.9150197628458498,0.9681274900398408,0.9666666666666668,0.977055449330784,0.9398058252427184,0.8913857677902621,0.8839779005524862,0.8648648648648649,0.8776978417266187,0.8342749529190208,0.7725490196078432,1,
Randy Moss,0.7788461538461539,0.9498861047835992,1.0,0.9976580796252928,0.9955849889624724,0.9958677685950412,0.9979633401221996,0.9979550102249488,0.9528907922912204,0.9875518672199172,0.9855670103092784,0.9958677685950412,0.950207468879668,0,0.8174603174603174
Reggie Kelly 2,0.3302961275626423,0.5514018691588785,0.6627634660421545,0.6291390728476821,0.5661157024793388,0.5417515274949084,0.4171779141104294,0.5417558886509636,0.6348547717842323,0.6845360824742268,0.4400826446280991,0.3257261410788382,0.1527777777777778,1,
Reggie Wayne,0.4215456674473068,0.7328918322295805,0.9132231404958676,0.9735234215885948,0.983640081799591,0.9935760171306208,0.983402489626556,0.9958762886597938,0.9979338842975206,0.9979253112033196,0.9940476190476192,0.9923518164435946,0.9466403162055336,0,0.9402390438247012
Ricky Proehl,0.5579514824797843,0.8578811369509044,0.8873994638069705,0.9029649595687332,0.8671875,0.8523002421307506,0.7583732057416268,0.7834549878345499,0.8798076923076923,0.876993166287016,0.8808411214953271,0.8618266978922716,0.8940397350993378,0,0.8884297520661157
Ricky Williams,0.1890660592255125,0.5467289719626168,0.6932084309133489,0.7792494481236203,0.7272727272727273,0.5743380855397149,0.3660531697341513,0.145610278372591,0.1804979253112033,0.2144329896907216,0.4917355371900826,0.6265560165975104,0.5932539682539683,1,
Rodney Holman,0.1862464183381088,0.3712737127371274,0.5541561712846348,0.6933333333333334,0.806930693069307,0.9118136439267888,0.8586666666666667,0.9067357512953368,0.9029649595687332,0.9018087855297158,0.8310991957104558,0.7250673854447439,0.6328125,0,0.5278450363196125
Roy Green,0.1362397820163488,0.0914127423822714,0.6457765667574932,0.8424068767908309,0.964769647696477,0.9924433249370276,0.9786666666666668,0.9529702970297028,0.9284525790349416,0.952,0.9533678756476685,0.9407008086253368,0.8837209302325582,0,0.8016085790884718
Russ Francis,0.6223776223776224,0.81875,0.8836477987421384,0.8664688427299704,0.8801089918256131,0.9058171745152356,0.7220708446866485,0.6446991404011462,0.4336043360433604,0.6473551637279596,0.6506666666666666,0.7920792079207921,0.8419301164725458,0,0.7413333333333333
Santana Moss,0.3395784543325527,0.695364238410596,0.9049586776859504,0.9531568228105908,0.9877300613496932,0.9850107066381156,0.9688796680497924,0.9463917525773196,0.9421487603305784,0.95850622406639,0.9345238095238096,0.9235181644359464,0.8715415019762845,0,0.7729083665338645
Shannon Sharpe,0.2695417789757412,0.6149870801033591,0.8096514745308311,0.908355795148248,0.9583333333333334,0.9636803874092008,0.944976076555024,0.9416058394160584,0.9615384615384616,0.9020501138952164,0.897196261682243,0.8524590163934426,0.9315673289183224,0,0.9421487603305784
Shawn Jefferson,0.1860465116279069,0.5924932975871313,0.7601078167115903,0.8619791666666666,0.8886198547215496,0.8971291866028708,0.8734793187347932,0.8894230769230769,0.9316628701594531,0.9415887850467288,0.911007025761124,0.8874172185430463,0.7830578512396694,1,
Stanley Morgan 2,0.5094339622641509,0.8397626112759644,0.9673024523160764,0.9861495844875346,0.9918256130790192,0.988538681948424,0.9701897018970188,0.9596977329974812,0.9306666666666666,0.9876237623762376,0.995008319467554,0.9786666666666668,0.9300518134715026,0,0.889487870619946
Steve Jordan 2,0.163323782234957,0.4417344173441734,0.7380352644836272,0.8026666666666666,0.8886138613861386,0.9217970049916804,0.9013333333333332,0.844559585492228,0.8544474393530997,0.8656330749354005,0.871313672922252,0.8571428571428571,0.7890625,1,
Steve Largent,0.640625,0.89937106918239,0.9970326409495548,1.0,0.997229916897507,1.0,0.98567335243553,0.981029810298103,0.9748110831234256,0.992,0.99009900990099,0.9866888519134775,0.9226666666666666,0,0.8989637305699482
Steve Smith,0.3231850117096019,0.7593818984547461,0.9297520661157024,0.9124236252545824,0.9652351738241308,0.9807280513918628,1.0,0.9979381443298968,0.9834710743801652,0.9522821576763484,0.9325396825396826,0.9349904397705544,0.9644268774703556,0,0.9561752988047808
Ted Ginn,0.3817427385892116,0.6865979381443299,0.8388429752066116,0.7842323651452282,0.7341269841269841,0.5315487571701721,0.7114624505928854,0.6992031872509961,0.8941176470588236,0.9101338432122372,0.9689320388349516,0.900749063670412,0.8784530386740331,0,0.6864864864864865
Terance Mathis,0.2587601078167116,0.58656330749354,0.7667560321715817,0.77088948787062,0.9375,0.9709443099273608,0.9808612440191388,0.9537712895377128,0.9807692307692308,0.9863325740318908,0.97196261682243,0.9250585480093676,0.8587196467991169,1,
Terrell Owens,0.4019138755980861,0.7907542579075426,0.9447115384615384,0.9635535307517084,0.969626168224299,0.9882903981264636,0.9977924944812362,0.9979338842975206,0.9959266802443992,0.9897750511247444,0.9892933618843684,0.995850622406639,1.0,0,0.987603305785124
Thurman Thomas,0.1786666666666666,0.6139896373056994,0.8059299191374663,0.8863049095607235,0.8552278820375335,0.8301886792452831,0.7942708333333334,0.7602905569007264,0.7488038277511961,0.6861313868613139,0.6971153846153846,0.6355353075170843,0.616822429906542,1,
Tim Brown 3,0.4826666666666667,0.6347150259067358,0.8274932614555256,0.8449612403100775,0.8981233243967829,0.9703504043126684,0.9817708333333334,0.9951573849878934,0.992822966507177,0.9951338199513382,0.966346153846154,0.9840546697038725,0.9813084112149532,0,0.9953161592505856
Tony Gonzalez,0.3503649635036496,0.5913461538461539,0.8291571753986332,0.9135514018691588,0.9718969555035128,0.9713024282560706,0.9710743801652892,0.9837067209775968,0.98159509202454,0.9700214132762311,0.9647302904564315,0.981443298969072,0.9793388429752066,0,0.9688796680497924
Tony Richardson,0.2296650717703349,0.4233576642335766,0.4735576923076923,0.4373576309794988,0.4252336448598131,0.629976580796253,0.6467991169977925,0.6177685950413223,0.5336048879837068,0.4969325153374233,0.556745182012848,0.5954356846473029,0.4432989690721649,0,0.262396694214876
Troy Brown,0.2129380053908355,0.2760416666666667,0.423728813559322,0.416267942583732,0.7566909975669099,0.8293269230769231,0.8633257403189066,0.8621495327102804,0.9297423887587822,0.9602649006622516,0.9483471074380164,0.8553971486761711,0.8466257668711656,0,0.828693790149893
Vernon Davis,0.2591006423982869,0.6265560165975104,0.7546391752577319,0.9028925619834712,0.9481327800829876,0.9662698412698412,0.9292543021032504,0.9130434782608696,0.8844621513944223,0.8450980392156863,0.8260038240917782,0.8388349514563107,0.8651685393258427,0,0.8213627992633518
Walter Payton,0.4160839160839161,0.56875,0.7452830188679245,0.8189910979228486,0.8528610354223434,0.853185595567867,0.6839237057220708,0.7106017191977078,0.7479674796747967,0.7858942065491183,0.728,0.7202970297029703,0.831946755407654,1,
Webster Slaughter,0.4207920792079208,0.870216306156406,0.8986666666666666,0.9507772020725388,0.9245283018867924,0.9715762273901808,0.9195710455764076,0.862533692722372,0.8125,0.864406779661017,0.8827751196172249,0.7347931873479319,0.6177884615384616,1,
Wesley Walker,0.6352201257861635,0.9228486646884272,0.983651226158038,0.9335180055401662,0.9182561307901907,0.9627507163323782,0.986449864498645,0.9798488664987406,0.9573333333333334,0.943069306930693,0.9384359400998336,0.8906666666666667,0.7901554404145078,1,
Wesley Walls,0.0569948186528497,0.1239892183288409,0.3126614987080103,0.225201072386059,0.1347708894878706,0.4114583333333333,0.7167070217917676,0.9066985645933014,0.9221411192214112,0.9206730769230768,0.9271070615034168,0.8995327102803738,0.8852459016393442,0,0.8366445916114791
