Player,Year1,Year2,Year3,Year4,Year5,Year6,Retire,NextPercentile
Aaron Craver,0.136986301369863,0.1911764705882352,0.208955223880597,0.35,0.6013071895424836,0.795774647887324,0,0.6666666666666666
Aaron Stecker,0.1483870967741935,0.3013698630136986,0.5894039735099338,0.6012658227848101,0.6586826347305389,0.6493506493506493,0,0.6601307189542484
Adrian Murrell,0.1865671641791045,0.4214285714285714,0.8235294117647058,0.9154929577464788,0.92,0.8552631578947368,0,0.782608695652174
Adrian Peterson,0.6622516556291391,0.8903225806451613,0.9808917197452228,0.9805194805194806,0.9727891156462584,1.0,0,1.0
Adrian Peterson 2,0.152317880794702,0.3037974683544304,0.4610778443113772,0.525974025974026,0.7320261437908496,0.7483443708609272,0,0.6774193548387096
Ahmad Bradshaw,0.271523178807947,0.5032258064516129,0.7388535031847133,0.7727272727272727,0.8843537414965986,0.89937106918239,0,0.8571428571428571
Ahman Green,0.1907894736842105,0.4347826086956521,0.8516129032258064,0.958904109589041,0.9867549668874172,0.9746835443037974,0,0.9700598802395208
Ahmard Hall,0.1503267973856209,0.5496688741721855,0.7096774193548387,0.6050955414012739,0.474025974025974,0.4693877551020408,1,
Albert Bentley,0.2516129032258064,0.6257309941520468,0.9527272727272728,0.9155844155844156,0.9285714285714286,0.9013157894736842,1,
Alex Collins,0.0967741935483871,0.4590163934426229,0.574468085106383,0.5103092783505154,0.2558139534883721,0.4541284403669725,1,
Alfred Anderson,0.228395061728395,0.4451612903225806,0.6900584795321637,0.8363636363636363,0.7792207792207793,0.7922077922077922,0,0.7171052631578947
Alfred Morris,0.4654088050314465,0.6845238095238095,0.8830409356725146,0.8379888268156425,0.8387096774193549,0.7923497267759563,0,0.7074468085106383
Allen Pinkett,0.2923976608187134,0.6654545454545454,0.7012987012987013,0.8311688311688312,0.7960526315789473,0.8356164383561644,1,
Allen Rice,0.1728395061728395,0.4064516129032258,0.672514619883041,0.7890909090909091,0.6558441558441559,0.5974025974025974,0,0.5394736842105263
Alonzo Highsmith 2,0.44,0.422077922077922,0.6298701298701299,0.5263157894736842,0.3150684931506849,0.2426470588235294,1,
Amari Cooper,0.3072625698324022,0.6344086021505376,0.9344262295081968,0.9840425531914894,0.963917525773196,0.944186046511628,1,
Amos Zereoue,0.1118012422360248,0.2064516129032258,0.4794520547945205,0.6821192052980133,0.8227848101265823,0.8383233532934131,0,0.6753246753246753
Amp Lee,0.2720588235294117,0.5149253731343284,0.8642857142857143,0.8758169934640523,0.852112676056338,0.88,0,0.868421052631579
Andy Janovich,0.3010752688172043,0.4644808743169399,0.7712765957446809,0.7319587628865979,0.7023255813953488,0.5091743119266054,1,
Andy Johnson,0.0287769784172661,0.5,0.9084967320261438,0.8662420382165605,0.8170731707317073,0.4651162790697674,0,0.6686046511627907
Anthony Dixon,0.1298701298701298,0.3265306122448979,0.4528301886792453,0.4226190476190476,0.5321637426900585,0.5195530726256983,1,
Anthony Johnson 3,0.1917808219178082,0.4117647058823529,0.5223880597014925,0.4285714285714285,0.4117647058823529,0.6549295774647887,0,0.6933333333333334
Anthony Sherman,0.2321428571428571,0.5029239766081871,0.5139664804469274,0.3172043010752688,0.2240437158469945,0.4946808510638298,0,0.6907216494845361
Anthony Thomas,0.5136986301369864,0.609271523178808,0.8670886075949367,0.7365269461077845,0.6948051948051948,0.5098039215686274,0,0.423841059602649
Antone Smith,0.0064935064935064,0.0068027210884353,0.0062893081761006,0.7083333333333334,0.8947368421052632,0.9776536312849162,0,0.7849462365591398
Antowain Smith,0.3666666666666666,0.5526315789473685,0.8012422360248447,0.6967741935483871,0.8287671232876712,0.8807947019867549,0,0.8987341772151899
Archie Griffin,0.3333333333333333,0.6114649681528662,0.8475609756097561,0.8953488372093024,0.8546511627906976,0.7409638554216867,0,0.6181818181818182
Arian Foster,0.2611464968152866,0.8701298701298701,0.9659863945578232,0.9874213836477987,0.9642857142857144,0.9707602339181286,0,0.9106145251396648
Art Malone,0.3536585365853658,0.7528089887640449,0.8981481481481481,0.950413223140496,0.8776978417266187,0.7071428571428572,0,0.5620915032679739
Aveion Cason,0.0547945205479452,0.423841059602649,0.6392405063291139,0.5748502994011976,0.487012987012987,0.3333333333333333,0,0.5231788079470199
B J Askew,0.2025316455696202,0.3293413173652694,0.4805194805194805,0.3856209150326797,0.2251655629139073,0.2967741935483871,0,0.2101910828025477
Bam Morris,0.3285714285714285,0.5294117647058824,0.8450704225352113,0.7933333333333333,0.7763157894736842,0.5838509316770186,1,
Barry Redden,0.1151515151515151,0.4113924050632911,0.654320987654321,0.6903225806451613,0.7953216374269005,0.8036363636363636,0,0.6103896103896104
Barry Sanders,0.3961038961038961,0.868421052631579,0.9931506849315068,0.9926470588235294,0.9925373134328358,0.9928571428571428,0,1.0
Barry Word,0.4690909090909091,0.1493506493506493,0.1753246753246753,0.3486842105263157,0.6575342465753424,0.8235294117647058,0,0.6865671641791045
Barty Smith,0.0071942446043165,0.3142857142857143,0.5490196078431373,0.7707006369426752,0.7926829268292683,0.7906976744186046,0,0.5406976744186046
Benjarvus Green Ellis,0.1612903225806451,0.3821656050955414,0.7142857142857143,0.8435374149659864,0.9056603773584906,0.8273809523809523,1,
Benny Cunningham,0.2023809523809523,0.5380116959064327,0.7206703910614525,0.6827956989247311,0.5628415300546448,0.425531914893617,1,
Benny Malone,0.3453237410071942,0.5785714285714286,0.7843137254901961,0.8407643312101911,0.7682926829268293,0.6918604651162791,1,
Bernie Parmalee,0.1323529411764706,0.3358208955223881,0.6857142857142857,0.8823529411764706,0.8591549295774648,0.72,0,0.5789473684210527
Bilal Powell,0.0204081632653061,0.3144654088050314,0.6190476190476191,0.7368421052631579,0.7877094972067039,0.8817204301075269,0,0.9672131147540984
Bill Ring,0.1204819277108433,0.3696969696969697,0.569620253164557,0.6296296296296297,0.5548387096774193,0.5029239766081871,1,
Billy Campfield,0.1585365853658536,0.4127906976744186,0.627906976744186,0.6746987951807228,0.6424242424242425,0.5886075949367089,1,
Blaine Gabbert,0.0,0.0,0.0059523809523809,0.2456140350877192,0.3128491620111732,0.3817204301075269,0,0.2896174863387978
Blair Thomas,0.3618421052631579,0.7123287671232876,0.7867647058823529,0.6492537313432836,0.4857142857142857,0.4901960784313725,1,
Bo Matthews,0.302158273381295,0.4785714285714286,0.5947712418300654,0.5987261146496815,0.5792682926829268,0.4883720930232558,0,0.4186046511627907
Bob Christian,0.1119402985074626,0.3571428571428571,0.5620915032679739,0.4014084507042254,0.2866666666666667,0.4078947368421052,0,0.7888198757763976
Bob Gresham,0.4382022471910112,0.6296296296296297,0.8099173553719008,0.6690647482014388,0.5928571428571429,0.3202614379084967,1,
Bob Perryman,0.5054545454545455,0.3766233766233766,0.6363636363636364,0.625,0.5684931506849316,0.3602941176470588,1,
Bobby Anderson,0.7439024390243902,0.8426966292134831,0.8611111111111112,0.7933884297520661,0.5611510791366906,0.2,1,
Boobie Clark,0.5371900826446281,0.7338129496402878,0.9071428571428573,0.9019607843137256,0.7898089171974523,0.676829268292683,0,0.4418604651162791
Brad Baxter,0.2236842105263158,0.4726027397260274,0.6617647058823529,0.6791044776119403,0.6714285714285714,0.7320261437908496,1,
Brad Hoover,0.1870967741935484,0.3424657534246575,0.6158940397350994,0.620253164556962,0.7005988023952096,0.6038961038961039,0,0.6013071895424836
Brad Muster,0.2012987012987013,0.5,0.8157894736842105,0.9041095890410958,0.8970588235294118,0.8582089552238806,0,0.8714285714285714
Brandon Bennett,0.2368421052631578,0.2360248447204969,0.5225806451612903,0.4520547945205479,0.6556291390728477,0.6139240506329114,0,0.5209580838323353
Brandon Bolden,0.2515723270440251,0.5952380952380952,0.6842105263157895,0.6703910614525139,0.4623655913978494,0.5081967213114754,0,0.5851063829787234
Brandon Jackson,0.1788079470198675,0.4451612903225806,0.6114649681528662,0.6428571428571429,0.5034013605442177,0.6163522012578616,1,
Brandon Jacobs,0.1753246753246753,0.477124183006536,0.7682119205298014,0.8516129032258064,0.89171974522293,0.9090909090909092,0,0.8095238095238095
Brandon Powell,0.0904255319148936,0.1134020618556701,0.2744186046511628,0.110091743119266,0.3480392156862745,0.4180790960451977,1,
Brent Mcclanahan,0.0909090909090909,0.316546762589928,0.5571428571428572,0.6993464052287581,0.7961783439490446,0.6951219512195121,0,0.4825581395348837
Brian Hoyer,0.0828025477707006,0.0714285714285714,0.0816326530612244,0.2830188679245283,0.3928571428571428,0.3450292397660818,0,0.217877094972067
Brian Leonard,0.1655629139072847,0.232258064516129,0.464968152866242,0.5324675324675324,0.7074829931972789,0.710691823899371,0,0.6607142857142857
Brian Mitchell 2,0.131578947368421,0.3219178082191781,0.6323529411764706,0.7014925373134329,0.8928571428571429,0.8888888888888888,0,0.8873239436619719
Brian Westbrook,0.1324503311258278,0.689873417721519,0.940119760479042,0.9935064935064936,0.9869281045751634,0.9933774834437086,0,0.9935483870967742
Bruce Harper,0.3439490445859872,0.5853658536585366,0.8081395348837209,0.8662790697674418,0.8614457831325302,0.8848484848484849,0,0.930379746835443
Buford Jordan,0.1637426900584795,0.6181818181818182,0.5714285714285714,0.6623376623376623,0.5,0.4383561643835616,1,
Buford Mcgee,0.2962962962962963,0.4516129032258064,0.6549707602339181,0.6945454545454546,0.487012987012987,0.6103896103896104,0,0.75
Butch Woolfolk,0.2787878787878788,0.5126582278481012,0.6358024691358025,0.6774193548387096,0.7134502923976608,0.8763636363636363,0,0.474025974025974
C J Anderson,0.1845238095238095,0.7017543859649122,0.88268156424581,0.9516129032258064,0.912568306010929,0.8936170212765957,0,0.7989690721649485
C J Spiller,0.1168831168831168,0.5102040816326531,0.9245283018867924,0.9702380952380952,0.9473684210526316,0.7094972067039106,0,0.5483870967741935
Cadillac Williams,0.3246753246753247,0.5555555555555556,0.695364238410596,0.5161290322580645,0.6624203821656051,0.7857142857142857,0,0.8163265306122449
Calvin Thomas,0.006060606060606,0.0886075949367088,0.3580246913580246,0.5161290322580645,0.6198830409356725,0.6981818181818182,0,0.2922077922077922
Carl Garrett,0.6951219512195121,0.8539325842696629,0.8888888888888888,0.9090909090909092,0.841726618705036,0.8428571428571429,0,0.7450980392156863
Carlos Hyde,0.2046783625730994,0.435754189944134,0.7150537634408602,0.825136612021858,0.7978723404255319,0.788659793814433,0,0.7581395348837209
Carwell Gardner,0.0197368421052631,0.1232876712328767,0.3529411764705882,0.4776119402985074,0.6285714285714286,0.6535947712418301,0,0.5985915492957746
Cecil Sapp,0.0316455696202531,0.2874251497005988,0.4415584415584415,0.5882352941176471,0.5761589403973509,0.4129032258064516,1,
Cedric Benson,0.1038961038961039,0.457516339869281,0.6357615894039735,0.7741935483870968,0.8280254777070064,0.7792207792207793,0,0.7278911564625851
Cedric Peerman,0.0324675324675324,0.1292517006802721,0.5094339622641509,0.5,0.4912280701754385,0.1117318435754189,0,0.1666666666666666
Cedric Smith,0.0328947368421052,0.0205479452054794,0.0147058823529411,0.0,0.2785714285714286,0.4248366013071895,0,0.5140845070422535
Chad Morton,0.1935483870967742,0.1917808219178082,0.2649006622516556,0.3417721518987341,0.3892215568862275,0.2727272727272727,0,0.5032679738562091
Charles Alexander,0.1860465116279069,0.4418604651162791,0.6987951807228916,0.806060606060606,0.7341772151898734,0.7037037037037037,0,0.6516129032258065
Charles White,0.1860465116279069,0.4277108433734939,0.7878787878787878,0.5316455696202531,0.4382716049382716,0.2967741935483871,0,0.543859649122807
Charlie Garner,0.1928571428571428,0.5555555555555556,0.8028169014084507,0.86,0.8092105263157895,0.937888198757764,0,0.9612903225806452
Chase Edmonds,0.1542553191489361,0.4742268041237113,0.7767441860465116,0.9128440366972476,0.8725490196078431,0.7853107344632768,1,
Chester Taylor,0.1920529801324503,0.4367088607594936,0.7305389221556886,0.8051948051948052,0.8888888888888888,0.8874172185430463,0,0.864516129032258
Chris Brown,0.120253164556962,0.4011976047904191,0.7272727272727273,0.7450980392156863,0.7417218543046358,0.3935483870967742,0,0.4777070063694267
Chris Fuamatu Ma Afala,0.2434210526315789,0.3043478260869565,0.6193548387096774,0.7328767123287672,0.7417218543046358,0.6962025316455697,0,0.4850299401197604
Chris Hetherington,0.031055900621118,0.2516129032258064,0.410958904109589,0.3774834437086092,0.1392405063291139,0.0838323353293413,0,0.1558441558441558
Chris Ivory,0.2727272727272727,0.4625850340136054,0.7295597484276729,0.7857142857142857,0.8187134502923976,0.8938547486033519,0,0.8118279569892473
Chris Johnson,0.5419354838709678,0.9681528662420382,1.0,0.9931972789115646,0.9622641509433962,0.9285714285714286,0,0.9298245614035088
Chris Ogbonnaya,0.1656050955414012,0.2012987012987013,0.3673469387755102,0.4276729559748428,0.7380952380952381,0.631578947368421,1,
Chris Thompson,0.0760233918128654,0.4525139664804469,0.7258064516129032,0.8633879781420765,0.8031914893617021,0.7422680412371134,0,0.5627906976744186
Chris Warren 2,0.1710526315789473,0.2808219178082192,0.6470588235294118,0.7686567164179104,0.9785714285714284,0.9869281045751634,0,0.9859154929577464
Christian Okoye,0.5745454545454546,0.5324675324675324,0.8246753246753247,0.7894736842105263,0.8493150684931506,0.6985294117647058,1,
Christine Michael,0.125,0.3859649122807017,0.5977653631284916,0.7795698924731183,0.5846994535519126,0.4308510638297872,1,
Chuck Evans,0.0522388059701492,0.1857142857142857,0.4313725490196078,0.3943661971830985,0.4666666666666667,0.4473684210526316,0,0.6273291925465838
Chuck Foreman,0.5289256198347108,0.935251798561151,1.0,1.0,0.9936305732484076,0.9878048780487804,0,0.9244186046511628
Chuck Muncie,0.3529411764705882,0.7070063694267515,0.902439024390244,0.9476744186046512,0.9418604651162792,0.9578313253012049,0,0.9757575757575756
Clarence Davis,0.3595505617977528,0.6111111111111112,0.7851239669421488,0.8201438848920863,0.8285714285714286,0.8562091503267973,0,0.8598726114649682
Clarence Harmon,0.2738853503184713,0.4146341463414634,0.7558139534883721,0.9011627906976744,0.8373493975903614,0.8121212121212121,1,
Clark Gaines,0.4901960784313725,0.8089171974522293,0.8902439024390244,0.813953488372093,0.7267441860465116,0.572289156626506,0,0.2727272727272727
Cleo Miller,0.2949640287769784,0.3642857142857142,0.5882352941176471,0.7261146496815286,0.8292682926829268,0.8023255813953488,0,0.6104651162790697
Cleveland Franklin,0.0,0.0792682926829268,0.1046511627906976,0.2732558139534883,0.2228915662650602,0.3818181818181818,1,
Cleveland Gary,0.0649350649350649,0.6052631578947368,0.7534246575342466,0.8897058823529411,0.7761194029850746,0.6785714285714286,1,
Clinton Portis,0.5960264900662252,0.9493670886075948,0.9820359281437124,0.974025974025974,0.9215686274509804,0.913907284768212,0,0.8774193548387097
Corey Clement,0.3497267759562841,0.4840425531914893,0.5,0.2790697674418604,0.3486238532110092,0.5098039215686274,1,
Corey Dillon,0.5466666666666666,0.875,0.9751552795031057,0.9741935483870968,0.9794520547945206,0.9536423841059604,0,0.8860759493670886
Correll Buckhalter,0.2328767123287671,0.2781456953642384,0.5822784810126582,0.3413173652694611,0.2987012987012987,0.2026143790849673,0,0.5364238410596026
Cory Schlesinger,0.0065359477124183,0.0140845070422535,0.1133333333333333,0.2894736842105263,0.391304347826087,0.6064516129032258,0,0.7602739726027398
Craig Heyward,0.2532467532467532,0.4155844155844156,0.7302631578947368,0.678082191780822,0.7794117647058824,0.6716417910447762,0,0.7214285714285714
Cullen Bryant,0.0503597122302158,0.45,0.5294117647058824,0.6369426751592356,0.6158536585365854,0.6976744186046512,0,0.8837209302325582
Curt Warner,0.5063291139240507,0.6851851851851852,0.9096774193548388,0.9239766081871345,0.9854545454545456,0.9805194805194806,0,0.8766233766233766
Curtis Brown 3,0.1401273885350318,0.3963414634146341,0.7674418604651163,0.8604651162790697,0.6807228915662651,0.5272727272727272,0,0.360759493670886
Curtis Dickey,0.4069767441860465,0.8493975903614458,0.9090909090909092,0.8987341772151899,0.7407407407407407,0.6645161290322581,0,0.6140350877192983
Curtis Martin,0.5098039215686274,0.908450704225352,0.98,0.9407894736842104,0.9565217391304348,0.9806451612903224,0,0.9931506849315068
Daimon Shelton,0.0066666666666666,0.125,0.2670807453416149,0.3935483870967742,0.1301369863013698,0.0596026490066225,0,0.0063291139240506
Dalton Hilliard,0.2807017543859649,0.7418181818181818,0.8246753246753247,0.9545454545454546,0.9210526315789472,0.8424657534246576,0,0.6029411764705882
Damien Williams,0.239766081871345,0.3631284916201117,0.6720430107526881,0.7049180327868853,0.7925531914893617,0.8144329896907216,0,0.6604651162790698
Dan Doornink,0.1829268292682926,0.5348837209302325,0.7965116279069767,0.8433734939759037,0.8181818181818182,0.759493670886076,0,0.7592592592592593
Dan Kreider,0.4064516129032258,0.589041095890411,0.7019867549668874,0.569620253164557,0.562874251497006,0.551948051948052,0,0.5359477124183006
Danny Woodhead,0.1528662420382165,0.512987012987013,0.7142857142857143,0.8805031446540881,0.8928571428571429,0.8538011695906432,0,0.8491620111731844
Darrel Young,0.1103896103896103,0.5374149659863946,0.8113207547169812,0.8690476190476191,0.8421052631578947,0.664804469273743,1,
Darren Mcfadden,0.2,0.3503184713375796,0.8506493506493507,0.8979591836734694,0.9433962264150944,0.8511904761904762,0,0.7777777777777778
Darren Sproles,0.1883116883116883,0.130718954248366,0.3377483443708609,0.567741935483871,0.8407643312101911,0.922077922077922,0,0.9523809523809524
Darrin Nelson,0.1333333333333333,0.5379746835443038,0.7345679012345679,0.832258064516129,0.8830409356725146,0.9672727272727272,0,0.9090909090909092
Daryl Johnston,0.0844155844155844,0.3026315789473684,0.5753424657534246,0.6397058823529411,0.7238805970149254,0.8142857142857143,0,0.8431372549019608
Dave Meggett,0.2987012987012987,0.7236842105263158,0.910958904109589,0.8529411764705882,0.8059701492537313,0.7857142857142857,0,0.803921568627451
Dave Preston,0.2378048780487804,0.4476744186046512,0.7034883720930233,0.7349397590361446,0.6909090909090909,0.6392405063291139,1,
David Hughes,0.1024096385542168,0.4303030303030303,0.620253164556962,0.6419753086419753,0.4838709677419355,0.4678362573099415,1,
David Johnson,0.4860335195530726,0.8709677419354839,0.8961748633879781,0.8457446808510638,0.7371134020618557,0.9255813953488372,0,0.8440366972477065
David Palmer,0.0642857142857142,0.1764705882352941,0.2816901408450704,0.3733333333333333,0.5986842105263158,0.6149068322981367,1,
Deangelo Williams,0.3137254901960784,0.7218543046357616,0.9741935483870968,0.9936305732484076,0.961038961038961,0.8639455782312925,0,0.8930817610062893
Del Rodgers,0.0969696969696969,0.0759493670886076,0.3024691358024691,0.1548387096774193,0.1988304093567251,0.4945454545454545,1,
Delvin Williams,0.2877697841726618,0.65,0.9477124183006536,0.9554140127388536,0.9817073170731708,0.936046511627907,0,0.9127906976744186
Demarco Murray,0.4013605442176871,0.7610062893081762,0.9226190476190476,0.9766081871345028,0.988826815642458,0.989247311827957,0,0.9508196721311476
Dennis Gentry,0.1272727272727272,0.2025316455696202,0.4012345679012346,0.5483870967741935,0.8070175438596491,0.9272727272727272,0,0.961038961038961
Derek Loville,0.0131578947368421,0.0547945205479452,0.0955882352941176,0.0373134328358208,0.1428571428571428,0.6274509803921569,0,0.823943661971831
Derek Watt,0.3387096774193548,0.5191256830601093,0.6329787234042553,0.5824742268041238,0.3906976744186046,0.4403669724770642,0,0.4215686274509804
Derrick Coleman,0.0833333333333333,0.0584795321637426,0.2569832402234637,0.1827956989247312,0.2841530054644808,0.175531914893617,1,
Derrick Fenner 2,0.0714285714285714,0.3881578947368421,0.6232876712328768,0.75,0.8432835820895522,0.8214285714285714,0,0.7450980392156863
Derrick Jensen,0.1453488372093023,0.2325581395348837,0.5903614457831325,0.4121212121212121,0.3860759493670886,0.2160493827160493,0,0.232258064516129
Derrick Ward,0.1103896103896103,0.1111111111111111,0.4768211920529801,0.7225806451612903,0.8726114649681529,0.8376623376623377,0,0.673469387755102
Deshaun Foster,0.2974683544303797,0.5568862275449101,0.8506493506493507,0.8562091503267973,0.8278145695364238,0.5483870967741935,1,
Deuce Mcallister,0.2534246575342466,0.8211920529801324,0.9683544303797468,0.9520958083832336,0.8831168831168831,0.8431372549019608,0,0.7086092715231788
Devonta Freeman,0.2339181286549707,0.7486033519553073,0.9623655913978496,0.994535519125683,0.8776595744680851,0.7010309278350515,0,0.6093023255813953
Devontae Booker,0.2365591397849462,0.4153005464480874,0.6808510638297872,0.6185567010309279,0.6790697674418604,0.7477064220183486,1,
Dexter Bussey,0.0575539568345323,0.5428571428571428,0.7973856209150327,0.9044585987261148,0.8780487804878049,0.8430232558139535,0,0.877906976744186
Dexter Carter,0.2368421052631578,0.5958904109589042,0.7426470588235294,0.7313432835820896,0.7428571428571429,0.6339869281045751,0,0.4507042253521127
Dion Lewis,0.1632653061224489,0.4088050314465409,0.4047619047619047,0.2631578947368421,0.3519553072625698,0.489247311827957,0,0.9016393442622952
Dominic Rhodes,0.3356164383561644,0.4105960264900662,0.5759493670886076,0.467065868263473,0.6428571428571429,0.7516339869281046,0,0.5827814569536424
Don Calhoun,0.1007194244604316,0.4642857142857143,0.6535947712418301,0.8343949044585988,0.7865853658536586,0.75,0,0.7674418604651163
Don Mccauley,0.1797752808988764,0.5925925925925926,0.7768595041322314,0.7841726618705036,0.6928571428571428,0.803921568627451,0,0.9235668789808916
Don Nottingham,0.3820224719101123,0.6203703703703703,0.7272727272727273,0.7194244604316546,0.75,0.738562091503268,0,0.6815286624203821
Don Woods,0.6402877697841727,0.7714285714285715,0.934640522875817,0.7643312101910829,0.8353658536585366,0.5755813953488372,0,0.4709302325581395
Donald Brown,0.2738853503184713,0.6038961038961039,0.8367346938775511,0.8238993710691824,0.875,0.8245614035087719,0,0.8324022346368715
Donnell Bennett,0.0928571428571428,0.2875816993464052,0.4225352112676056,0.4466666666666666,0.5263157894736842,0.6894409937888198,0,0.6903225806451613
Dorsey Levens,0.0785714285714285,0.5359477124183006,0.8309859154929577,0.96,0.9342105263157896,0.9440993788819876,0,0.8129032258064516
Doug Dressler,0.1951219512195122,0.449438202247191,0.7407407407407407,0.6694214876033058,0.6546762589928058,0.4142857142857143,1,
Doug Kotar,0.3309352517985611,0.5857142857142857,0.8104575163398693,0.7515923566878981,0.7987804878048781,0.7790697674418605,0,0.5813953488372093
Doug Martin,0.7987421383647799,0.8392857142857143,0.95906432748538,0.8994413407821229,0.935483870967742,0.8743169398907104,0,0.5319148936170213
Duce Staley,0.1666666666666666,0.6973684210526315,0.8944099378881988,0.896774193548387,0.8698630136986302,0.913907284768212,0,0.9177215189873418
Dujuan Harris,0.1904761904761904,0.3836477987421384,0.3869047619047619,0.4210526315789473,0.4469273743016759,0.5752688172043011,1,
Duke Johnson,0.3687150837988827,0.6451612903225806,0.8907103825136612,0.8404255319148937,0.8505154639175257,0.7627906976744186,0,0.6972477064220184
Dwayne Washington,0.1989247311827957,0.273224043715847,0.4787234042553192,0.4948453608247423,0.4604651162790698,0.3669724770642202,0,0.2352941176470588
Earl Campbell,0.4024390243902439,0.8604651162790697,0.9883720930232558,0.9698795180722892,0.9393939393939394,0.9240506329113924,0,0.8950617283950617
Earl Cooper,0.4825581395348837,0.7168674698795181,0.8727272727272727,0.4936708860759494,0.6049382716049383,0.6193548387096774,1,
Earl Ferrell,0.2151898734177215,0.5308641975308642,0.6838709677419355,0.7660818713450293,0.9127272727272728,0.9025974025974026,0,0.922077922077922
Earnest Byner,0.3950617283950617,0.7290322580645161,0.9064327485380116,0.9490909090909092,0.8571428571428571,0.935064935064935,0,0.875
Earnest Graham,0.1017964071856287,0.1428571428571428,0.2745098039215686,0.6423841059602649,0.8258064516129032,0.8535031847133758,0,0.6753246753246753
Earnest Jackson,0.1518987341772152,0.5925925925925926,0.8580645161290322,0.935672514619883,0.9418181818181818,0.7662337662337663,1,
Ed Podolak,0.951219512195122,0.9438202247191012,0.9629629629629628,0.9421487603305784,0.9424460431654677,0.8785714285714286,0,0.8496732026143791
Eddie George,0.528169014084507,0.8133333333333334,0.9144736842105264,0.9006211180124224,0.9161290322580644,0.863013698630137,0,0.8410596026490066
Eddie Lee Ivery,0.127906976744186,0.5290697674418605,0.7469879518072289,0.9212121212121211,0.8164556962025317,0.9444444444444444,0,0.9161290322580644
Eddie Ray,0.1219512195121951,0.2921348314606741,0.4351851851851852,0.6942148760330579,0.6618705035971223,0.5642857142857143,0,0.2287581699346405
Edgar Bennett,0.088235294117647,0.5373134328358209,0.9,0.9803921568627452,0.9507042253521126,0.7266666666666667,0,0.5921052631578947
Edgerrin James,0.6832298136645962,0.935483870967742,0.9863013698630136,0.9271523178807948,0.8607594936708861,0.8982035928143712,0,0.935064935064935
Emerson Boozer,0.8536585365853658,0.8876404494382022,0.9166666666666666,0.9256198347107438,0.9568345323741008,0.8,1,
Emmitt Smith,0.4013157894736842,0.9178082191780822,0.9852941176470588,1.0,1.0,0.9934640522875816,0,0.9929577464788732
Eric Ball,0.1168831168831168,0.2828947368421052,0.4246575342465753,0.5,0.5,0.45,0,0.3464052287581699
Eric Bieniemy,0.1301369863013698,0.3235294117647059,0.4328358208955223,0.5142857142857142,0.6666666666666666,0.7887323943661971,0,0.7866666666666666
Eric Dickerson,0.6012658227848101,0.9691358024691358,0.9935483870967742,0.95906432748538,0.9745454545454544,0.9935064935064936,0,0.974025974025974
Eric Lane 2,0.0240963855421686,0.0424242424242424,0.0316455696202531,0.3209876543209876,0.4129032258064516,0.5380116959064327,0,0.5818181818181818
Eric Torkelson,0.1151079136690647,0.3571428571428571,0.5359477124183006,0.6178343949044586,0.5609756097560976,0.5406976744186046,0,0.3372093023255814
Erric Pegram,0.0753424657534246,0.3014705882352941,0.6268656716417911,0.6357142857142857,0.6862745098039216,0.6619718309859155,0,0.5933333333333334
Errict Rhett,0.3928571428571428,0.7712418300653595,0.8169014084507042,0.6,0.4736842105263157,0.7577639751552795,0,0.832258064516129
Essex Johnson,0.7926829268292683,0.9101123595505618,0.9537037037037036,0.9834710743801652,0.9496402877697842,0.8071428571428572,0,0.6143790849673203
Felix Jones,0.3161290322580645,0.6242038216560509,0.8831168831168831,0.8231292517006803,0.8301886792452831,0.7261904761904762,1,
Floyd Little,0.926829268292683,0.9775280898876404,0.9814814814814816,0.9917355371900828,0.9784172661870504,0.9428571428571428,1,
Fran Lynch,0.4512195121951219,0.6404494382022472,0.6944444444444444,0.5619834710743802,0.2302158273381295,0.1928571428571428,1,
Franco Harris,0.5462962962962963,0.7355371900826446,0.9640287769784172,0.9571428571428572,0.9738562091503268,0.9490445859872612,0,0.945121951219512
Frank Gore,0.3311688311688311,0.8823529411764706,0.9735099337748344,0.9612903225806452,0.929936305732484,0.9285714285714286,0,0.9319727891156464
Frank Hawkins,0.1265060240963855,0.3515151515151515,0.7025316455696202,0.6975308641975309,0.7032258064516129,0.6608187134502924,0,0.7709090909090909
Frank Pollard,0.0406976744186046,0.2409638554216867,0.406060606060606,0.5569620253164557,0.5987654320987654,0.7548387096774194,0,0.695906432748538
Fred Beasley,0.3167701863354037,0.6451612903225806,0.773972602739726,0.7218543046357616,0.6708860759493671,0.6227544910179641,1,
Fred Jackson,0.23841059602649,0.6064516129032258,0.8471337579617835,0.8571428571428571,0.9047619047619048,0.8364779874213837,0,0.8809523809523809
Fred Mcafee,0.2260273972602739,0.4044117647058823,0.4925373134328358,0.4428571428571428,0.4705882352941176,0.3873239436619718,0,0.38
Fred Mccrary,0.0915032679738562,0.0774647887323943,0.16,0.0263157894736842,0.0372670807453416,0.0774193548387096,0,0.2465753424657534
Fred Taylor,0.6118421052631579,0.9192546583850932,0.9935483870967742,0.9178082191780822,0.933774834437086,0.9050632911392406,0,0.9640718562874252
Fred Willis,0.5280898876404494,0.7222222222222222,0.8760330578512396,0.8489208633093526,0.7928571428571428,0.7908496732026143,1,
Freeman Mcneil,0.216867469879518,0.8,0.8417721518987342,0.9629629629629628,0.9290322580645162,0.9473684210526316,0,0.9454545454545454
Garrison Hearst,0.1343283582089552,0.4,0.4836601307189542,0.6690140845070423,0.8333333333333334,0.9605263157894736,0,0.9130434782608696
Gary Anderson 3,0.2645161290322581,0.7602339181286549,0.9563636363636364,0.9415584415584416,0.6948051948051948,0.743421052631579,0,0.6506849315068494
Gary Brown 2,0.273972602739726,0.4779411764705882,0.7835820895522388,0.7285714285714285,0.7516339869281046,0.2746478873239437,0,0.42
Gene Lang,0.2839506172839506,0.5096774193548387,0.7017543859649122,0.8145454545454546,0.6688311688311688,0.7402597402597403,0,0.5723684210526315
George Adams,0.2903225806451613,0.3801169590643274,0.7127272727272728,0.3246753246753247,0.435064935064935,0.4144736842105263,0,0.3767123287671233
George Rogers,0.4759036144578313,0.7333333333333333,0.8544303797468354,0.7716049382716049,0.7741935483870968,0.847953216374269,0,0.9054545454545454
George Wonsley,0.1358024691358024,0.4709677419354838,0.7485380116959064,0.8327272727272728,0.5,0.2337662337662337,1,
Gerald Everett,0.5300546448087432,0.8191489361702128,0.8556701030927835,0.7813953488372093,0.7706422018348624,0.7892156862745098,0,0.751412429378531
Gerald Riggs,0.3454545454545454,0.6708860759493671,0.9197530864197532,0.9741935483870968,0.9649122807017544,0.9781818181818182,0,0.8441558441558441
Gerald Willhite,0.2666666666666666,0.5253164556962026,0.7777777777777778,0.7612903225806451,0.8713450292397661,0.8618181818181818,0,0.7532467532467533
Gerry Ellis,0.3953488372093023,0.7530120481927711,0.8363636363636363,0.7721518987341772,0.8024691358024691,0.9419354838709676,0,0.8654970760233918
Giovani Bernard,0.4464285714285714,0.8128654970760234,0.9441340782122905,0.946236559139785,0.918032786885246,0.8297872340425532,0,0.7938144329896907
Greg Bell,0.4876543209876543,0.7419354838709677,0.9415204678362572,0.8836363636363637,0.8636363636363636,0.9155844155844156,0,0.9342105263157896
Greg Hawthorne,0.1395348837209302,0.3546511627906977,0.4819277108433735,0.696969696969697,0.7658227848101266,0.691358024691358,0,0.3419354838709677
Greg Hill,0.2142857142857142,0.4444444444444444,0.7535211267605634,0.7666666666666667,0.8223684210526315,0.8322981366459627,1,
Greg Jones,0.0898203592814371,0.422077922077922,0.4052287581699346,0.543046357615894,0.4709677419354838,0.6305732484076433,0,0.4545454545454545
Greg Pruitt 2,0.4297520661157025,0.7122302158273381,0.95,0.9673202614379084,0.9681528662420382,0.975609756097561,0,0.9418604651162792
Harlan Huckleby,0.0348837209302325,0.2710843373493976,0.4545454545454545,0.5443037974683544,0.5370370370370371,0.535483870967742,1,
Harold Green,0.1381578947368421,0.5342465753424658,0.9264705882352942,0.9029850746268656,0.8785714285714286,0.6601307189542484,0,0.7464788732394366
Harry Sydney,0.2363636363636363,0.2467532467532467,0.4935064935064935,0.6644736842105263,0.684931506849315,0.6691176470588235,1,
Harvey Williams,0.2876712328767123,0.4558823529411764,0.4402985074626865,0.5214285714285715,0.8104575163398693,0.8661971830985915,0,0.8066666666666666
Haskel Stanback,0.1870503597122302,0.5071428571428571,0.6928104575163399,0.8789808917197452,0.8536585365853658,0.8197674418604651,1,
Heath Evans,0.1506849315068493,0.2847682119205298,0.4746835443037974,0.4131736526946107,0.5064935064935064,0.5294117647058824,0,0.6225165562913907
Herman Heard,0.2901234567901234,0.567741935483871,0.7543859649122807,0.8218181818181818,0.6428571428571429,0.6753246753246753,1,
Herschel Walker,0.5964912280701754,0.96,1.0,0.987012987012987,0.9736842105263158,0.9794520547945206,0,0.9632352941176472
Horace Ivory,0.0318471337579617,0.3780487804878049,0.6453488372093024,0.75,0.5542168674698795,0.4181818181818181,1,
Horace King,0.2357142857142857,0.4444444444444444,0.6878980891719745,0.823170731707317,0.8313953488372093,0.7616279069767442,0,0.5421686746987951
Howard Griffith,0.1071428571428571,0.3202614379084967,0.4154929577464789,0.3866666666666666,0.506578947368421,0.6335403726708074,0,0.7225806451612903
Hubert Ginn,0.024390243902439,0.1123595505617977,0.4444444444444444,0.4793388429752066,0.5323741007194245,0.35,0,0.3660130718954248
Hubie Oliver,0.1385542168674698,0.206060606060606,0.5,0.5123456790123457,0.5741935483870968,0.3450292397660818,1,
Ike Forte,0.1437908496732026,0.445859872611465,0.3597560975609756,0.4069767441860465,0.3430232558139535,0.3915662650602409,1,
Isaiah Mckenzie,0.081967213114754,0.3936170212765957,0.6597938144329897,0.7674418604651163,0.7293577981651376,0.7401960784313726,0,0.6949152542372882
J D Mckissic,0.0698924731182795,0.3551912568306011,0.3989361702127659,0.6443298969072165,0.6697674418604651,0.8394495412844036,0,0.7696078431372549
Jackie Battle,0.0662251655629139,0.0903225806451612,0.267515923566879,0.2857142857142857,0.5306122448979592,0.7421383647798742,0,0.7916666666666666
Jacquizz Rodgers,0.272108843537415,0.6666666666666666,0.8214285714285714,0.8011695906432749,0.6312849162011173,0.6612903225806451,0,0.6557377049180327
Jakeem Grant,0.043010752688172,0.2185792349726776,0.4202127659574468,0.5567010309278351,0.6232558139534884,0.6605504587155964,1,
Jalen Parmele,0.2258064516129032,0.3057324840764331,0.3116883116883117,0.0340136054421768,0.2012578616352201,0.2142857142857142,0,0.2105263157894736
Jalen Richard,0.3978494623655914,0.644808743169399,0.8138297872340425,0.7061855670103093,0.6139534883720931,0.5779816513761468,1,
Jamaal Charles,0.2451612903225806,0.7452229299363057,0.987012987012987,0.9387755102040816,0.949685534591195,0.9523809523809524,0,0.9883040935672516
Jamal Anderson,0.0142857142857142,0.1699346405228758,0.5845070422535211,0.8666666666666667,0.9539473684210528,0.9316770186335404,0,0.8709677419354839
Jamal Lewis,0.4774193548387097,0.4315068493150685,0.7152317880794702,0.8544303797468354,0.9281437125748504,0.922077922077922,0,0.8300653594771242
Jameel Cook,0.047945205479452,0.0463576158940397,0.1139240506329113,0.0419161676646706,0.0389610389610389,0.196078431372549,0,0.3841059602649007
Jamel White,0.1290322580645161,0.5547945205479452,0.8344370860927153,0.8734177215189873,0.7245508982035929,0.3831168831168831,1,
James Brooks,0.3313253012048193,0.793939393939394,0.8354430379746836,0.8271604938271605,0.8838709677419355,0.9766081871345028,0,0.9963636363636365
James Develin,0.3333333333333333,0.4035087719298245,0.4078212290502793,0.0806451612903225,0.0273224043715847,0.3031914893617021,0,0.4072164948453608
James Jones 4,0.2848101265822785,0.6790123456790124,0.8903225806451613,0.912280701754386,0.9163636363636364,0.7337662337662337,0,0.3896103896103896
James Jones 5,0.0755813953488372,0.3373493975903614,0.3393939393939394,0.2278481012658227,0.1172839506172839,0.1806451612903225,1,
James Owens,0.1802325581395348,0.1162790697674418,0.4457831325301205,0.4848484848484848,0.6772151898734177,0.6728395061728395,1,
James Saxon,0.2142857142857142,0.4415584415584415,0.5789473684210527,0.410958904109589,0.2647058823529412,0.2313432835820895,0,0.3142857142857143
James Starks,0.0974025974025974,0.3877551020408163,0.5974842767295597,0.7678571428571429,0.7251461988304093,0.8100558659217877,0,0.7580645161290323
James Stewart,0.2745098039215686,0.6197183098591549,0.9,0.8421052631578947,0.8819875776397516,0.8387096774193549,0,0.8904109589041096
James White,0.1228070175438596,0.4245810055865922,0.7634408602150538,0.8360655737704918,0.9095744680851064,0.8917525773195877,0,0.8883720930232558
James Wilder,0.2469879518072289,0.7212121212121212,0.8924050632911392,0.9814814814814816,0.9548387096774194,0.9005847953216374,0,0.8981818181818182
Jamison Crowder,0.2122905027932961,0.6021505376344086,0.8306010928961749,0.8829787234042553,0.8247422680412371,0.9116279069767442,1,
Jason Snelling,0.1125827814569536,0.3419354838709677,0.6560509554140127,0.7207792207792207,0.7687074829931972,0.7484276729559748,0,0.75
Jason Wright,0.029940119760479,0.0974025974025974,0.2287581699346405,0.4900662251655629,0.5935483870967742,0.643312101910828,0,0.5909090909090909
Jay Graham,0.2066666666666666,0.3684210526315789,0.3975155279503105,0.0967741935483871,0.1232876712328767,0.2119205298013245,1,
Jeff Moore 2,0.2093023255813953,0.3604651162790697,0.8132530120481928,0.9151515151515152,0.9177215189873418,0.8148148148148148,1,
Jerald Sowell,0.1866666666666666,0.3486842105263157,0.4906832298136646,0.4,0.2602739726027397,0.2913907284768212,0,0.3924050632911392
Jeremi Johnson,0.2341772151898734,0.2275449101796407,0.435064935064935,0.3464052287581699,0.4834437086092715,0.2838709677419355,0,0.2547770700636942
Jerick Mckinnon,0.3567251461988304,0.6927374301675978,0.8870967741935484,0.8688524590163934,0.6542553191489362,0.3711340206185567,0,0.4093023255813953
Jerious Norwood,0.3986928104575163,0.8079470198675497,0.9419354838709676,0.9044585987261148,0.7662337662337663,0.4421768707482993,1,
Jerome Bettis,0.5298507462686567,0.8071428571428572,0.9019607843137256,0.7816901408450704,0.8533333333333334,0.9078947368421052,0,0.906832298136646
Jerome Felton,0.032258064516129,0.2929936305732484,0.3831168831168831,0.6326530612244898,0.4842767295597484,0.3809523809523809,0,0.2573099415204678
Jerome Harrison,0.065359477124183,0.2913907284768212,0.6645161290322581,0.802547770700637,0.7922077922077922,0.6394557823129252,1,
Jess Phillips,0.8658536585365854,0.8089887640449438,0.7592592592592593,0.71900826446281,0.697841726618705,0.7142857142857143,0,0.6601307189542484
Jesse Chatman,0.119205298013245,0.2721518987341772,0.592814371257485,0.448051948051948,0.2875816993464052,0.2516556291390728,0,0.3354838709677419
Jessie Clark,0.3227848101265823,0.6666666666666666,0.896774193548387,0.783625730994152,0.8181818181818182,0.2987012987012987,0,0.461038961038961
Jim Braxton,0.2696629213483146,0.5555555555555556,0.7603305785123967,0.8273381294964028,0.9142857142857144,0.7581699346405228,0,0.7452229299363057
Jim Finn,0.0193548387096774,0.0273972602739726,0.0529801324503311,0.0253164556962025,0.1616766467065868,0.0454545454545454,0,0.3006535947712418
Jim Hargrove,0.036144578313253,0.0909090909090909,0.0696202531645569,0.0061728395061728,0.0064516129032258,0.0058479532163742,0,0.3636363636363636
Jim Jensen 2,0.2229299363057325,0.1646341463414634,0.436046511627907,0.5465116279069767,0.6445783132530121,0.5212121212121212,1,
Jim Jodat,0.0636942675159235,0.2195121951219512,0.2906976744186046,0.4244186046511627,0.4578313253012048,0.4363636363636363,1,
Jim Kiick,0.9634146341463414,0.9662921348314608,0.9351851851851852,0.8264462809917356,0.7410071942446043,0.5285714285714286,0,0.4640522875816993
Jim Otis,0.5121951219512195,0.5730337078651685,0.6018518518518519,0.5950413223140496,0.6115107913669064,0.7642857142857142,0,0.8366013071895425
Jimmy Graham,0.4090909090909091,0.3809523809523809,0.4465408805031446,0.0238095238095238,0.0292397660818713,0.0223463687150838,0,0.3440860215053763
Joe Cribbs,0.4767441860465116,0.7951807228915663,0.9696969696969696,0.981012658227848,0.8580246913580247,0.6451612903225806,0,0.4152046783625731
Joe Dawkins,0.7195121951219512,0.6067415730337079,0.7129629629629629,0.768595041322314,0.8920863309352518,0.8928571428571429,0,0.7516339869281046
Joe Morris,0.103030303030303,0.2215189873417721,0.5740740740740741,0.8516129032258064,0.9707602339181286,1.0,0,0.935064935064935
Joe Washington,0.2993630573248407,0.6097560975609756,0.9302325581395348,0.9767441860465116,0.9397590361445785,0.8909090909090909,0,0.9430379746835444
John Avery,0.0986842105263157,0.3602484472049689,0.3677419354838709,0.1643835616438356,0.0066225165562913,0.0379746835443038,1,
John Brockington,0.5955056179775281,0.8055555555555556,0.9586776859504132,0.9712230215827338,0.9214285714285714,0.8758169934640523,0,0.7133757961783439
John Cappelletti,0.1438848920863309,0.3,0.6339869281045751,0.7834394904458599,0.9146341463414634,0.6511627906976745,0,0.5697674418604651
John Kuhn,0.2156862745098039,0.2317880794701986,0.4387096774193548,0.3566878980891719,0.577922077922078,0.6462585034013606,0,0.6792452830188679
John L Williams,0.3976608187134502,0.8436363636363636,0.9675324675324676,0.9935064935064936,0.986842105263158,0.958904109589041,0,0.9191176470588236
John Riggins,0.5617977528089888,0.7870370370370371,0.8842975206611571,0.9280575539568344,0.9285714285714286,0.9411764705882352,0,0.910828025477707
John Stephens,0.3636363636363636,0.7662337662337663,0.9407894736842104,0.863013698630137,0.6911764705882353,0.5597014925373134,1,
Johnny Bailey,0.0526315789473684,0.0890410958904109,0.4632352941176471,0.6343283582089553,0.8428571428571429,0.8300653594771242,1,
Johnny Davis,0.1280487804878048,0.3720930232558139,0.4302325581395348,0.4518072289156626,0.3939393939393939,0.430379746835443,0,0.5061728395061729
Johnny Hector,0.1962025316455696,0.5493827160493827,0.7096774193548387,0.8362573099415205,0.9381818181818182,0.8831168831168831,0,0.8961038961038961
Jon Keyworth,0.4388489208633093,0.7,0.8954248366013072,0.7579617834394905,0.7134146341463414,0.5988372093023255,0,0.5872093023255814
Jon Ritchie,0.131578947368421,0.546583850931677,0.567741935483871,0.3561643835616438,0.0066225165562913,0.1075949367088607,1,
Jon Witman,0.1267605633802817,0.18,0.3026315789473684,0.2981366459627329,0.3032258064516129,0.3493150684931507,1,
Jonathan Stewart,0.3225806451612903,0.7133757961783439,0.8896103896103896,0.91156462585034,0.8490566037735849,0.7976190476190477,0,0.6900584795321637
Jonathan Williams,0.032258064516129,0.0327868852459016,0.0372340425531914,0.3608247422680412,0.3720930232558139,0.5321100917431193,0,0.4117647058823529
Jordan Howard,0.5645161290322581,0.9234972677595628,0.9893617021276596,0.9020618556701032,0.7441860465116279,0.6467889908256881,0,0.3774509803921568
Joseph Addai,0.4901960784313725,0.9006622516556292,0.9483870967741936,0.9554140127388536,0.8311688311688312,0.7551020408163265,1,
Julius Jones,0.3353293413173652,0.577922077922078,0.8627450980392157,0.8741721854304636,0.7806451612903226,0.732484076433121,0,0.6233766233766234
Justin Fargas,0.2215189873417721,0.4071856287425149,0.5584415584415584,0.6470588235294118,0.7615894039735099,0.7483870967741936,0,0.7070063694267515
Justin Forsett,0.3439490445859872,0.6103896103896104,0.7482993197278912,0.7924528301886793,0.6904761904761905,0.9181286549707602,0,0.9385474860335196
Justin Griffith,0.2848101265822785,0.4910179640718562,0.7727272727272727,0.7777777777777778,0.6887417218543046,0.5612903225806452,0,0.5477707006369427
Keith Byars,0.2163742690058479,0.68,0.8181818181818182,0.9025974025974026,0.9473684210526316,0.9315068493150684,0,0.9044117647058824
Keith Elias,0.0214285714285714,0.1437908496732026,0.2112676056338028,0.2,0.2565789473684211,0.2546583850931677,1,
Keith Smith,0.2795698924731182,0.2786885245901639,0.324468085106383,0.3144329896907216,0.4837209302325581,0.573394495412844,0,0.553921568627451
Ken Brown 4,0.0,0.0,0.0925925925925925,0.6033057851239669,0.762589928057554,0.7285714285714285,1,
Kenjon Barner,0.0357142857142857,0.0409356725146198,0.1564245810055866,0.3602150537634409,0.5027322404371585,0.5053191489361702,0,0.4845360824742268
Kenneth Davis,0.4210526315789473,0.7781818181818182,0.7467532467532467,0.6428571428571429,0.7039473684210527,0.8972602739726028,0,0.8823529411764706
Kenny King 2,0.0232558139534883,0.3662790697674418,0.6566265060240963,0.8424242424242424,0.7278481012658228,0.6234567901234568,0,0.4774193548387097
Kenny Watson,0.3973509933774834,0.3670886075949367,0.5688622754491018,0.2077922077922078,0.4836601307189542,0.5629139072847682,0,0.6838709677419355
Kenyan Drake,0.2741935483870967,0.6229508196721312,0.8670212765957447,0.8865979381443299,0.8976744186046511,0.8761467889908257,0,0.803921568627451
Kevan Barlow,0.2671232876712329,0.6225165562913907,0.879746835443038,0.8922155688622755,0.8636363636363636,0.7712418300653595,1,
Kevin Faulk,0.1304347826086956,0.4451612903225806,0.7054794520547946,0.8079470198675497,0.8037974683544303,0.8263473053892215,0,0.6233766233766234
Kevin Mack,0.6,0.8304093567251462,0.9636363636363636,0.8051948051948052,0.6688311688311688,0.6842105263157895,0,0.8082191780821918
Kevin Turner,0.0808823529411764,0.4626865671641791,0.65,0.7843137254901961,0.6338028169014085,0.7333333333333333,0,0.756578947368421
Ki Jana Carter,0.2464788732394366,0.5133333333333333,0.625,0.515527950310559,0.1741935483870967,0.3835616438356164,0,0.23841059602649
Kimble Anders,0.0367647058823529,0.3134328358208955,0.5785714285714286,0.8954248366013072,0.9225352112676056,0.9266666666666666,0,0.8947368421052632
Knowshon Moreno,0.3630573248407643,0.6168831168831169,0.782312925170068,0.7861635220125787,0.8333333333333334,0.8596491228070176,1,
Ladainian Tomlinson,0.3698630136986301,0.8874172185430463,0.9936708860759492,1.0,1.0,1.0,0,1.0
Ladell Betts,0.2317880794701986,0.5126582278481012,0.7065868263473054,0.6168831168831169,0.7973856209150327,0.7284768211920529,0,0.7419354838709677
Lamar Miller,0.2389937106918239,0.6011904761904762,0.9005847953216374,0.9608938547486032,0.978494623655914,0.9562841530054644,0,0.9202127659574468
Lamar Smith,0.0142857142857142,0.2222222222222222,0.5070422535211268,0.78,0.7631578947368421,0.7204968944099379,0,0.8451612903225807
Lamont Jordan,0.3082191780821918,0.5298013245033113,0.740506329113924,0.718562874251497,0.8766233766233766,0.9084967320261438,0,0.9205298013245032
Lamont Warren,0.2428571428571428,0.477124183006536,0.647887323943662,0.5333333333333333,0.5197368421052632,0.6086956521739131,0,0.4580645161290322
Lance Dunbar,0.1257861635220125,0.4345238095238095,0.6257309941520468,0.7932960893854749,0.7741935483870968,0.7377049180327869,1,
Larry Brown 7,0.975609756097561,1.0,1.0,1.0,1.0,0.9714285714285714,0,0.8235294117647058
Larry Centers,0.0821917808219178,0.4338235294117647,0.8507462686567164,0.9142857142857144,0.954248366013072,0.943661971830986,0,0.9133333333333332
Larry Csonka,0.9146341463414634,0.9325842696629212,0.9444444444444444,0.8925619834710744,0.8633093525179856,0.6428571428571429,0,0.5555555555555556
Larry Johnson,0.1329113924050632,0.6646706586826348,0.9415584415584416,0.9803921568627452,0.9867549668874172,0.9548387096774194,0,0.7261146496815286
Larry Kinnebrew,0.050632911392405,0.4135802469135802,0.6580645161290323,0.8187134502923976,0.9236363636363636,0.6298701298701299,0,0.6558441558441559
Larry Moriarty,0.240506329113924,0.6111111111111112,0.7225806451612903,0.6666666666666666,0.7018181818181818,0.3961038961038961,1,
Larry Schreiber,0.4269662921348314,0.6666666666666666,0.743801652892562,0.7913669064748201,0.7785714285714286,0.7320261437908496,1,
Latavius Murray,0.3391812865497076,0.7430167597765364,0.9301075268817204,0.9398907103825136,0.9042553191489362,0.8762886597938144,0,0.8790697674418605
Lawrence Mccutcheon,0.5537190082644629,0.8561151079136691,0.9785714285714284,0.9803921568627452,0.961783439490446,0.9634146341463414,0,0.8488372093023255
Lawrence Vickers,0.0457516339869281,0.3708609271523179,0.5806451612903226,0.5095541401273885,0.2987012987012987,0.1020408163265306,0,0.3396226415094339
Le Ron Mcclain,0.1258278145695364,0.4580645161290322,0.7006369426751592,0.6818181818181818,0.6598639455782312,0.5723270440251572,0,0.5416666666666666
Le Veon Bell,0.4761904761904761,0.9415204678362572,0.994413407821229,0.9946236559139784,0.9726775956284152,0.8563829787234043,0,0.8092783505154639
Lee Rouson,0.0193548387096774,0.327485380116959,0.6763636363636364,0.6818181818181818,0.6233766233766234,0.5921052631578947,0,0.3561643835616438
Legarrette Blount,0.3571428571428571,0.5986394557823129,0.7672955974842768,0.7321428571428571,0.7192982456140351,0.8156424581005587,0,0.9193548387096774
Lenvil Elliott,0.2727272727272727,0.5683453237410072,0.7571428571428571,0.8823529411764706,0.8535031847133758,0.7317073170731707,0,0.5813953488372093
Leon Johnson 2,0.1733333333333333,0.5,0.7515527950310559,0.6258064516129033,0.5068493150684932,0.4569536423841059,0,0.5949367088607594
Leon Washington,0.261437908496732,0.5695364238410596,0.8709677419354839,0.821656050955414,0.7012987012987013,0.5510204081632653,0,0.5786163522012578
Leonard Fournette,0.453551912568306,0.7446808510638298,0.9587628865979382,0.9534883720930232,0.9862385321100916,0.9558823529411764,0,0.8870056497175142
Leonard Russell,0.1643835616438356,0.25,0.664179104477612,0.8571428571428571,0.8627450980392157,0.6267605633802817,1,
Leonard Weaver,0.1818181818181818,0.1241830065359477,0.5033112582781457,0.5290322580645161,0.7643312101910829,0.5454545454545454,1,
Leroy Harris 2,0.3121019108280254,0.5365853658536586,0.7383720930232558,0.7790697674418605,0.5180722891566265,0.3757575757575757,1,
Leroy Hoard,0.1184210526315789,0.6986301369863014,0.8455882352941176,0.8805970149253731,0.7714285714285715,0.7058823529411765,0,0.6901408450704225
Leroy Thompson,0.0616438356164383,0.3382352941176471,0.4552238805970149,0.6642857142857143,0.5816993464052288,0.5422535211267606,1,
Lesean Mccoy,0.2993630573248407,0.8766233766233766,0.9863945578231292,0.981132075471698,0.9940476190476192,0.9649122807017544,0,0.9832402234636872
Leshon Johnson,0.2571428571428571,0.2418300653594771,0.6126760563380281,0.44,0.4671052631578947,0.2236024844720497,1,
Lewis Tillman,0.0909090909090909,0.1842105263157894,0.3835616438356164,0.3308823529411764,0.6044776119402985,0.8285714285714286,0,0.8169934640522876
Lorenzo Neal,0.2462686567164179,0.3785714285714285,0.5228758169934641,0.4436619718309859,0.46,0.5131578947368421,0,0.5217391304347826
Lorenzo White,0.0454545454545454,0.2922077922077922,0.6118421052631579,0.7602739726027398,0.9558823529411764,0.9402985074626866,0,0.9214285714285714
Louie Giammona,0.196078431372549,0.2484076433121019,0.2256097560975609,0.0581395348837209,0.3313953488372093,0.3975903614457831,0,0.5878787878787879
Lousaka Polite,0.2792207792207792,0.3529411764705882,0.3576158940397351,0.2774193548387096,0.375796178343949,0.5584415584415584,1,
Lydell Mitchell,0.3333333333333333,0.628099173553719,0.920863309352518,0.9857142857142858,0.9869281045751634,1.0,0,0.9939024390243902
Lynn Cain,0.3430232558139535,0.6918604651162791,0.9156626506024096,0.8666666666666667,0.6835443037974683,0.5,0,0.4258064516129032
Macarthur Lane,0.9878048780487804,0.9887640449438202,0.9722222222222222,0.8512396694214877,0.9064748201438848,0.85,0,0.9281045751633988
Mack Strong,0.1285714285714285,0.4379084967320261,0.4647887323943662,0.5666666666666667,0.4868421052631579,0.4782608695652174,0,0.432258064516129
Malcolm Brown,0.106145251396648,0.2096774193548387,0.3387978142076502,0.4521276595744681,0.5927835051546392,0.7209302325581395,0,0.6513761467889908
Marc Edwards,0.12,0.4210526315789473,0.6521739130434783,0.7032258064516129,0.5821917808219178,0.5695364238410596,0,0.6518987341772152
Marc Logan,0.5636363636363636,0.3441558441558441,0.538961038961039,0.4276315789473684,0.3287671232876712,0.3676470588235294,0,0.582089552238806
Marcel Reece,0.2922077922077922,0.6802721088435374,0.8742138364779874,0.9047619047619048,0.8070175438596491,0.7821229050279329,0,0.5161290322580645
Marcel Shipp,0.5099337748344371,0.6835443037974683,0.688622754491018,0.3181818181818182,0.2810457516339869,0.4635761589403973,1,
Marcus Allen,0.8484848484848485,0.8860759493670886,1.0,0.9870967741935484,0.9941520467836256,0.9818181818181818,0,0.922077922077922
Mario Bates,0.2857142857142857,0.6797385620915033,0.7605633802816901,0.74,0.6710526315789473,0.7453416149068323,0,0.7612903225806451
Marion Barber,0.1948051948051948,0.6993464052287581,0.9668874172185432,0.967741935483871,0.961783439490446,0.8636363636363636,0,0.7619047619047619
Marion Butts,0.3441558441558441,0.8223684210526315,0.9657534246575342,0.9338235294117648,0.835820895522388,0.7357142857142858,0,0.7908496732026143
Mark Higgs,0.0389610389610389,0.2631578947368421,0.6301369863013698,0.7058823529411765,0.7910447761194029,0.6,1,
Mark Ingram,0.2585034013605442,0.5660377358490566,0.7797619047619048,0.8362573099415205,0.9217877094972068,0.9731182795698924,0,1.0
Mark Van Eeghen,0.1654676258992805,0.4928571428571429,0.7189542483660131,0.9171974522292994,0.926829268292683,0.9767441860465116,0,0.9593023255813954
Marlon Mack,0.3169398907103825,0.7180851063829787,0.9072164948453608,0.916279069767442,0.8119266055045872,0.5931372549019608,1,
Marquise Goodwin,0.3392857142857143,0.6140350877192983,0.5810055865921788,0.3118279569892473,0.5683060109289617,0.7606382978723404,0,0.9175257731958762
Marshall Faulk,0.5928571428571429,0.915032679738562,0.9788732394366196,0.9466666666666668,0.9736842105263158,1.0,0,1.0
Marshawn Lynch,0.4701986754966887,0.8129032258064516,0.8980891719745223,0.7337662337662337,0.7755102040816326,0.9119496855345912,0,0.9583333333333334
Marv Hubbard,0.3292682926829268,0.7078651685393258,0.8240740740740741,0.9008264462809916,0.9136690647482014,0.8357142857142857,0,0.5751633986928104
Matt Barkley,0.0119047619047619,0.0116959064327485,0.0111731843575419,0.0053763440860215,0.0109289617486338,0.0106382978723404,0,0.0051546391752577
Matt Breida,0.2677595628415301,0.6914893617021277,0.8350515463917526,0.7906976744186046,0.5229357798165137,0.4705882352941176,0,0.5141242937853108
Matt Forte,0.6258064516129033,0.7770700636942676,0.9935064935064936,0.9591836734693876,0.9685534591194968,0.988095238095238,0,1.0
Matt Suhey,0.0523255813953488,0.3192771084337349,0.703030303030303,0.8037974683544303,0.8209876543209876,0.8387096774193549,0,0.8011695906432749
Matthew Slater,0.0445859872611464,0.0584415584415584,0.0612244897959183,0.0125786163522012,0.0238095238095238,0.0292397660818713,0,0.0223463687150838
Maurice Carthon,0.1483870967741935,0.4327485380116959,0.72,0.5974025974025974,0.5714285714285714,0.5855263157894737,0,0.4452054794520548
Maurice Jones Drew,0.6797385620915033,0.9403973509933776,0.9870967741935484,0.9745222929936306,0.9675324675324676,0.979591836734694,0,0.9371069182389936
Maurice Morris,0.1589403973509933,0.4683544303797468,0.6347305389221557,0.6688311688311688,0.6535947712418301,0.8410596026490066,0,0.8387096774193549
Mel Carver,0.1939393939393939,0.3291139240506329,0.4567901234567901,0.2,0.1111111111111111,0.2290909090909091,1,
Mel Gray,0.2573099415204678,0.64,0.3376623376623376,0.4285714285714285,0.1973684210526315,0.4041095890410959,1,
Melvin Gordon,0.1452513966480447,0.6505376344086021,0.9453551912568308,1.0,0.9484536082474226,0.9302325581395348,0,0.8853211009174312
Mercury Morris,0.7804878048780488,0.6966292134831461,0.8518518518518519,0.859504132231405,0.8992805755395683,0.8214285714285714,0,0.6862745098039216
Merril Hoge,0.2654545454545454,0.448051948051948,0.7727272727272727,0.9276315789473684,0.9452054794520548,0.875,0,0.8955223880597015
Mewelde Moore,0.3473053892215569,0.7012987012987013,0.869281045751634,0.847682119205298,0.7870967741935484,0.7197452229299363,0,0.6493506493506493
Michael Bennett 2,0.2945205479452055,0.7947019867549668,0.8924050632911392,0.844311377245509,0.6363636363636364,0.6928104575163399,0,0.6821192052980133
Michael Bush,0.2129032258064516,0.535031847133758,0.7987012987012987,0.891156462585034,0.8867924528301887,0.8452380952380952,1,
Michael Haddix,0.1012658227848101,0.3765432098765432,0.4903225806451612,0.5847953216374269,0.6836363636363636,0.4545454545454545,0,0.4545454545454545
Michael Morton,0.0181818181818181,0.0949367088607595,0.1419753086419753,0.0967741935483871,0.0292397660818713,0.1236363636363636,1,
Michael Pittman,0.0328947368421052,0.3478260869565217,0.7096774193548387,0.821917808219178,0.7814569536423841,0.7974683544303798,0,0.874251497005988
Michael Robinson,0.1045751633986928,0.304635761589404,0.432258064516129,0.4267515923566879,0.5,0.4829931972789115,0,0.7735849056603774
Michael Strachan,0.3428571428571428,0.5098039215686274,0.6687898089171974,0.5426829268292683,0.5232558139534884,0.4651162790697674,1,
Michael Turner,0.1676646706586826,0.3961038961038961,0.7908496732026143,0.8211920529801324,0.9096774193548388,0.8662420382165605,0,0.9415584415584416
Mike Adamle,0.1235955056179775,0.4074074074074074,0.5785123966942148,0.5971223021582733,0.6214285714285714,0.5424836601307189,1,
Mike Alstott,0.3380281690140845,0.64,0.8355263157894737,0.8198757763975155,0.7483870967741936,0.815068493150685,0,0.847682119205298
Mike Anderson,0.5612903225806452,0.7808219178082192,0.8741721854304636,0.7531645569620253,0.4790419161676646,0.7077922077922078,0,0.7647058823529411
Mike Cloud,0.1677018633540372,0.2774193548387096,0.5205479452054794,0.5165562913907285,0.6645569620253164,0.6407185628742516,0,0.5194805194805194
Mike Davis,0.0949720670391061,0.2150537634408602,0.4371584699453552,0.6170212765957447,0.6494845360824743,0.7488372093023256,0,0.591743119266055
Mike Gillislee,0.0892857142857142,0.0643274853801169,0.3854748603351955,0.7311827956989247,0.8415300546448088,0.723404255319149,1,
Mike Guman,0.1976744186046511,0.5060240963855421,0.8242424242424242,0.7911392405063291,0.7098765432098766,0.5290322580645161,0,0.3391812865497076
Mike Karney,0.1377245508982036,0.3051948051948052,0.5751633986928104,0.5960264900662252,0.6129032258064516,0.3885350318471338,0,0.3441558441558441
Mike Pruitt,0.065359477124183,0.3375796178343949,0.5304878048780488,0.872093023255814,0.9651162790697676,0.9819277108433736,0,0.896969696969697
Mike Rozier,0.1935483870967742,0.5087719298245614,0.850909090909091,0.7857142857142857,0.6818181818181818,0.618421052631579,0,0.4520547945205479
Mike Thomas,0.6,0.9215686274509804,0.9745222929936306,0.9695121951219512,0.9011627906976744,0.8372093023255814,1,
Mike Tolbert,0.1419354838709677,0.5605095541401274,0.6948051948051948,0.8503401360544217,0.8553459119496856,0.8988095238095238,0,0.7660818713450293
Moe Williams,0.0866666666666666,0.0855263157894736,0.3229813664596273,0.3225806451612903,0.6095890410958904,0.7615894039735099,0,0.9113924050632912
Moran Norris,0.0179640718562874,0.0064935064935064,0.2352941176470588,0.4437086092715231,0.4838709677419355,0.4012738853503185,0,0.2467532467532467
Mosi Tatupu,0.0182926829268292,0.1104651162790697,0.2151162790697674,0.5783132530120482,0.7393939393939394,0.810126582278481,0,0.7222222222222222
Najeh Davenport,0.1854304635761589,0.379746835443038,0.6526946107784432,0.564935064935065,0.7254901960784313,0.8013245033112583,0,0.8
Napoleon Kaufman,0.2810457516339869,0.676056338028169,0.9666666666666668,0.986842105263158,0.9875776397515528,0.9290322580645162,1,
Napoleon Mccallum,0.2105263157894736,0.4509090909090909,0.1363636363636363,0.0064935064935064,0.0394736842105263,0.1027397260273972,0,0.1397058823529411
Nate Sudfeld,0.5519125683060109,0.5691489361702128,0.5979381443298969,0.0744186046511627,0.1009174311926605,0.0588235294117647,1,
Nathan Peterman,0.0163934426229508,0.1223404255319148,0.1443298969072164,0.4790697674418605,0.3944954128440367,0.4019607843137255,0,0.0847457627118644
Nathan Poole,0.0,0.0,0.0,0.2181818181818181,0.3924050632911392,0.4259259259259259,0,0.3096774193548387
Natrone Means,0.3880597014925373,0.7928571428571428,0.9215686274509804,0.7676056338028169,0.58,0.7236842105263158,0,0.7701863354037267
Neal Anderson,0.3099415204678362,0.7963636363636364,0.9545454545454546,1.0,0.993421052631579,0.9863013698630136,0,0.9411764705882352
Nelson Agholor,0.2204301075268817,0.7540983606557377,0.9361702127659576,0.9536082474226804,0.7953488372093023,0.536697247706422,1,
Nick Goings,0.0616438356164383,0.2052980132450331,0.5316455696202531,0.7844311377245509,0.8246753246753247,0.8235294117647058,0,0.4105960264900662
Nicolas Luchey,0.1614906832298136,0.4387096774193548,0.3904109589041096,0.5033112582781457,0.3544303797468354,0.497005988023952,0,0.2597402597402597
Norm Bulaich,0.6707317073170732,0.898876404494382,0.8148148148148148,0.8429752066115702,0.7553956834532374,0.8642857142857143,0,0.8431372549019608
O J Simpson,0.8170731707317073,0.8764044943820225,0.925925925925926,0.975206611570248,0.9928057553956836,0.9928571428571428,0,0.9934640522875816
Obafemi Ayanbadejo,0.2,0.3972602739726027,0.4304635761589404,0.2278481012658227,0.2934131736526946,0.4675324675324675,0,0.7124183006535948
Odell Beckham,0.6783625730994152,0.9273743016759776,1.0,0.9781420765027322,0.9414893617021276,0.8711340206185567,0,0.958139534883721
Otis Armstrong,0.3057851239669421,0.8057553956834532,0.8714285714285714,0.9607843137254902,0.8726114649681529,0.8658536585365854,0,0.7034883720930233
Ottis Anderson,0.5116279069767442,0.9069767441860463,0.963855421686747,0.9575757575757576,0.9113924050632912,0.9753086419753086,0,0.8774193548387097
Patrick Pass,0.0709677419354838,0.2397260273972602,0.4834437086092715,0.5379746835443038,0.5329341317365269,0.5714285714285714,0,0.5163398692810458
Paul Hofer,0.1895424836601307,0.4267515923566879,0.6219512195121951,0.8255813953488372,0.9302325581395348,0.8975903614457831,1,
Paul Smith 2,0.2258064516129032,0.3219178082191781,0.5827814569536424,0.4240506329113924,0.311377245508982,0.2532467532467532,1,
Perry Harrington,0.1220930232558139,0.2771084337349397,0.5636363636363636,0.5759493670886076,0.4814814814814814,0.4193548387096774,1,
Pete Banaszak,0.2073170731707317,0.6292134831460674,0.6759259259259259,0.7107438016528925,0.60431654676259,0.7357142857142858,0,0.7254901960784313
Pete Johnson,0.3694267515923566,0.6341463414634146,0.8837209302325582,0.9244186046511628,0.9216867469879518,0.9515151515151516,0,0.9367088607594936
Peyton Barber,0.2258064516129032,0.3879781420765027,0.6648936170212766,0.6752577319587629,0.7069767441860465,0.518348623853211,1,
Peyton Hillis,0.2903225806451613,0.4713375796178344,0.6623376623376623,0.7006802721088435,0.6918238993710691,0.5833333333333334,0,0.5087719298245614
Pierre Thomas,0.2649006622516556,0.6903225806451613,0.9171974522292994,0.9155844155844156,0.8707482993197279,0.8616352201257862,0,0.9107142857142856
Priest Holmes,0.375,0.7763975155279503,0.8838709677419355,0.9657534246575342,0.9933774834437086,1.0,0,0.9880239520958084
Rabih Abdullah,0.0807453416149068,0.2903225806451613,0.4657534246575342,0.3443708609271523,0.2911392405063291,0.2395209580838323,1,
Randy Jordan,0.0597014925373134,0.0714285714285714,0.326797385620915,0.1619718309859155,0.2133333333333333,0.1052631578947368,0,0.4099378881987577
Randy Love,0.0290697674418604,0.072289156626506,0.1696969696969697,0.2341772151898734,0.3148148148148148,0.3612903225806451,1,
Randy Mcmillan,0.4698795180722891,0.7272727272727273,0.8481012658227848,0.8333333333333334,0.9225806451612903,0.8538011695906432,1,
Rashaad Penny,0.3191489361702128,0.6082474226804123,0.6651162790697674,0.8302752293577982,0.7745098039215687,0.7740112994350282,1,
Rashad Jennings,0.2038216560509554,0.5714285714285714,0.54421768707483,0.5283018867924528,0.5892857142857143,0.7953216374269005,0,0.9329608938547486
Rashard Mendenhall,0.0516129032258064,0.5031847133757962,0.8181818181818182,0.9251700680272108,0.8427672955974843,0.6488095238095238,1,
Ray Rice,0.2516129032258064,0.7961783439490446,0.974025974025974,1.0,0.9937106918238994,0.9761904761904762,1,
Raymont Harris,0.2357142857142857,0.2483660130718954,0.5563380281690141,0.76,0.7960526315789473,0.5652173913043478,0,0.0903225806451612
Reggie Bush,0.4379084967320261,0.6158940397350994,0.8451612903225807,0.8152866242038217,0.8051948051948052,0.8027210884353742,0,0.8679245283018868
Reggie Cobb,0.1578947368421052,0.6164383561643836,0.8308823529411765,0.753731343283582,0.7571428571428571,0.4967320261437908,0,0.5211267605633803
Reggie Rivers,0.0136986301369863,0.4485294117647059,0.6119402985074627,0.6928571428571428,0.4183006535947712,0.2253521126760563,1,
Reuben Droughns,0.0821917808219178,0.3112582781456953,0.5,0.7544910179640718,0.8116883116883117,0.8104575163398693,0,0.6688741721854304
Rex Burkhead,0.1169590643274853,0.1899441340782122,0.4408602150537634,0.5792349726775956,0.675531914893617,0.711340206185567,0,0.7116279069767442
Richard Huntley,0.0845070422535211,0.08,0.1776315789473684,0.484472049689441,0.7161290322580646,0.7945205479452054,0,0.4900662251655629
Richie Anderson,0.3357142857142857,0.457516339869281,0.704225352112676,0.5066666666666667,0.4934210526315789,0.5590062111801242,0,0.7677419354838709
Rick Kane,0.3566878980891719,0.4756097560975609,0.6686046511627907,0.5348837209302325,0.6385542168674698,0.4969696969696969,0,0.4746835443037974
Rick Parros,0.1686746987951807,0.503030303030303,0.6265822784810127,0.6604938271604939,0.5612903225806452,0.4561403508771929,0,0.5563636363636364
Rickey Young,0.3785714285714285,0.7712418300653595,0.9363057324840764,0.9573170731707316,0.9825581395348836,0.9709302325581396,0,0.8795180722891566
Ricky Bell 3,0.267515923566879,0.5182926829268293,0.877906976744186,0.9186046511627908,0.8253012048192772,0.4606060606060606,1,
Ricky Watters,0.5220588235294118,0.8134328358208955,0.9642857142857144,0.9738562091503268,0.971830985915493,0.9733333333333334,0,0.9473684210526316
Ricky Williams,0.124223602484472,0.4967741935483871,0.7534246575342466,0.9205298013245032,0.9367088607594936,0.8562874251497006,0,0.7207792207792207
Rob Carpenter 2,0.4203821656050955,0.5548780487804879,0.7441860465116279,0.7325581395348837,0.8012048192771084,0.8303030303030303,0,0.7848101265822784
Rob Konrad,0.2795031055900621,0.4193548387096774,0.6438356164383562,0.4768211920529801,0.5506329113924051,0.6167664670658682,1,
Rob Lytle,0.3885350318471338,0.4878048780487805,0.627906976744186,0.5755813953488372,0.6325301204819277,0.4787878787878787,1,
Robb Riddick,0.253012048192771,0.296969696969697,0.4873417721518987,0.3395061728395062,0.2709677419354839,0.5146198830409356,0,0.7745454545454545
Robert Delpino,0.2077922077922078,0.5194805194805194,0.7368421052631579,0.8904109589041096,0.7352941176470589,0.8283582089552238,1,
Robert Green,0.1985294117647058,0.3432835820895522,0.5642857142857143,0.6470588235294118,0.6056338028169014,0.4066666666666667,1,
Robert Holcombe,0.1184210526315789,0.422360248447205,0.6774193548387096,0.6917808219178082,0.6423841059602649,0.5569620253164557,0,0.5449101796407185
Robert Holmes,0.6585365853658537,0.6741573033707865,0.7037037037037037,0.7024793388429752,0.5251798561151079,0.4,1,
Robert Miller,0.1,0.4379084967320261,0.6305732484076433,0.6707317073170732,0.5290697674418605,0.4534883720930232,1,
Robert Newhouse,0.1666666666666666,0.5041322314049587,0.6906474820143885,0.8142857142857143,0.8169934640522876,0.8471337579617835,0,0.8109756097560976
Robert Smith 3,0.2686567164179104,0.4642857142857143,0.7973856209150327,0.7746478873239436,0.9533333333333334,0.9802631578947368,0,0.9937888198757764
Robert Turbin,0.2641509433962264,0.4583333333333333,0.6666666666666666,0.5754189944134078,0.7419354838709677,0.6612021857923497,0,0.4893617021276595
Robert Wilson 2,0.1780821917808219,0.1764705882352941,0.1940298507462686,0.0,0.0522875816993464,0.056338028169014,1,
Robert Woods,0.494047619047619,0.47953216374269,0.6089385474860335,0.6129032258064516,0.8579234972677595,0.9787234042553192,0,0.9381443298969072
Rock Cartwright,0.4172185430463576,0.6582278481012658,0.6467065868263473,0.5454545454545454,0.2549019607843137,0.2582781456953642,0,0.0064516129032258
Rod Bernstine,0.6290909090909091,0.6038961038961039,0.8571428571428571,0.8486842105263158,0.9383561643835616,0.8676470588235294,0,0.8656716417910447
Rod Phillips,0.0571428571428571,0.3137254901960784,0.5031847133757962,0.4573170731707317,0.563953488372093,0.4593023255813953,1,
Rodney Hampton,0.2763157894736842,0.7397260273972602,0.9779411764705882,0.9701492537313432,0.9714285714285714,0.9281045751633988,0,0.8098591549295775
Rodney Thomas,0.3660130718954248,0.5774647887323944,0.8,0.6842105263157895,0.6583850931677019,0.5935483870967742,0,0.5342465753424658
Roger Craig,0.3987341772151899,0.7901234567901234,0.9806451612903224,0.9883040935672516,0.9927272727272728,0.974025974025974,0,0.9805194805194806
Roland Harper,0.2857142857142857,0.6274509803921569,0.8280254777070064,0.8963414634146342,0.6337209302325582,0.6337209302325582,0,0.2289156626506024
Roland Hooks,0.1764705882352941,0.5095541401273885,0.7012195121951219,0.7616279069767442,0.7093023255813954,0.6867469879518072,0,0.5151515151515151
Ron Dayne,0.2709677419354839,0.684931506849315,0.7549668874172185,0.5443037974683544,0.3952095808383233,0.4090909090909091,0,0.6209150326797386
Ron Johnson 5,1.0,0.9550561797752808,0.9907407407407408,0.9669421487603306,0.9856115107913668,0.9,1,
Ron Rivers,0.0980392156862745,0.3309859154929577,0.48,0.6907894736842105,0.7080745341614907,0.6709677419354839,1,
Ron Springs,0.2965116279069767,0.5174418604651163,0.8072289156626506,0.8787878787878788,0.8670886075949367,0.9012345679012346,0,0.7870967741935484
Ron Wolfley,0.032258064516129,0.2748538011695906,0.6254545454545455,0.5064935064935064,0.577922077922078,0.4210526315789473,0,0.184931506849315
Ronald Moore,0.291044776119403,0.5571428571428572,0.6143790849673203,0.3450704225352112,0.24,0.2302631578947368,1,
Ronnie Brown,0.3766233766233766,0.6862745098039216,0.933774834437086,0.935483870967742,0.9235668789808916,0.8441558441558441,0,0.6530612244897959
Ronnie Coleman,0.1366906474820144,0.55,0.869281045751634,0.929936305732484,0.8719512195121951,0.6802325581395349,0,0.5988372093023255
Ronnie Harmon,0.2865497076023391,0.7672727272727272,0.8311688311688312,0.9090909090909092,0.9078947368421052,0.952054794520548,0,0.9705882352941176
Roosevelt Leaks,0.0857142857142857,0.4183006535947712,0.6624203821656051,0.7073170731707317,0.5872093023255814,0.5523255813953488,0,0.6204819277108434
Roosevelt Potts,0.0671641791044776,0.3857142857142857,0.7189542483660131,0.5633802816901409,0.36,0.2236842105263158,1,
Royce Freeman,0.2712765957446808,0.5515463917525774,0.7255813953488373,0.6559633027522935,0.4509803921568627,0.4350282485875706,1,
Rudi Johnson,0.1655629139072847,0.7151898734177216,0.8862275449101796,0.9545454545454546,0.8758169934640523,0.8145695364238411,0,0.535483870967742
Rueben Mayes,0.5614035087719298,0.84,0.8766233766233766,0.474025974025974,0.506578947368421,0.2465753424657534,0,0.2867647058823529
Ryan Grant 2,0.5099337748344371,0.7677419354838709,0.9490445859872612,0.8116883116883117,0.8571428571428571,0.7358490566037735,1,
Ryan Mathews,0.1688311688311688,0.4965986394557823,0.7547169811320755,0.8630952380952381,0.8304093567251462,0.8547486033519553,0,0.7688172043010753
Ryan Tannehill,0.0440251572327044,0.1428571428571428,0.2222222222222222,0.2793296089385474,0.1344086021505376,0.0491803278688524,0,0.0425531914893617
Sam Cunningham,0.396694214876033,0.7769784172661871,0.9357142857142856,0.954248366013072,0.9426751592356688,0.9329268292682928,0,0.9186046511627908
Sam Gash,0.0514705882352941,0.2388059701492537,0.3714285714285714,0.5424836601307189,0.5492957746478874,0.54,0,0.5855263157894737
Sam Harrell,0.0602409638554216,0.1454545454545454,0.120253164556962,0.0061728395061728,0.0064516129032258,0.0058479532163742,0,0.1454545454545454
Sammy Morris,0.3096774193548387,0.4041095890410959,0.5231788079470199,0.4050632911392405,0.5868263473053892,0.6103896103896104,0,0.7058823529411765
Sammy Winder,0.2363636363636363,0.4620253164556962,0.7654320987654321,0.8451612903225807,0.9181286549707602,0.92,0,0.8376623376623377
Scott Dierking,0.2356687898089172,0.4817073170731707,0.7209302325581395,0.813953488372093,0.7771084337349398,0.7515151515151515,0,0.7215189873417721
Scott Laidlaw,0.0928571428571428,0.5228758169934641,0.6496815286624203,0.7439024390243902,0.5465116279069767,0.4883720930232558,1,
Scottie Graham,0.0073529411764705,0.3582089552238806,0.4928571428571429,0.7124183006535948,0.5,0.3266666666666666,1,
Shane Vereen,0.0884353741496598,0.4779874213836478,0.7619047619047619,0.8713450292397661,0.8715083798882681,0.8494623655913979,0,0.7103825136612022
Shaun Alexander,0.2387096774193548,0.8013698630136986,0.9801324503311258,0.981012658227848,0.994011976047904,0.9805194805194806,0,0.9607843137254902
Shawn Bryson,0.3612903225806451,0.6232876712328768,0.6490066225165563,0.6265822784810127,0.6946107784431138,0.8441558441558441,0,0.7843137254901961
Sherman Smith 2,0.4509803921568627,0.8152866242038217,0.951219512195122,0.9883720930232558,0.936046511627907,0.8554216867469879,0,0.6787878787878788
Shonn Greene,0.10828025477707,0.3506493506493506,0.6938775510204082,0.8176100628930818,0.8154761904761905,0.7543859649122807,1,
Sidney Thornton,0.1210191082802547,0.3536585365853658,0.7267441860465116,0.8430232558139535,0.7048192771084337,0.5575757575757576,1,
Spencer Tillman,0.1854545454545454,0.0519480519480519,0.0519480519480519,0.006578947368421,0.0342465753424657,0.0441176470588235,0,0.4029850746268656
Spencer Ware,0.1071428571428571,0.0994152046783625,0.4748603351955307,0.6935483870967742,0.6939890710382514,0.6276595744680851,0,0.4329896907216495
Stan Edwards,0.1212121212121212,0.2468354430379747,0.5185185185185185,0.5806451612903226,0.5263157894736842,0.5854545454545454,1,
Stanford Jennings,0.382716049382716,0.5870967741935483,0.7894736842105263,0.8545454545454545,0.7077922077922078,0.7012987012987013,0,0.5526315789473685
Stanley Pritchett,0.2394366197183098,0.3333333333333333,0.5657894736842105,0.6459627329192547,0.7935483870967742,0.541095890410959,0,0.3245033112582781
Stanley Wilson 2,0.1645569620253164,0.3703703703703703,0.3548387096774194,0.6023391812865497,0.6472727272727272,0.564935064935065,1,
Stephen Davis,0.1901408450704225,0.4533333333333333,0.7368421052631579,0.9254658385093169,0.9419354838709676,0.952054794520548,0,0.8278145695364238
Stevan Ridley,0.238095238095238,0.6415094339622641,0.7738095238095238,0.7719298245614035,0.5307262569832403,0.4569892473118279,0,0.3715846994535519
Steve Broussard,0.2105263157894736,0.5821917808219178,0.7279411764705882,0.6940298507462687,0.5857142857142857,0.6928104575163399,0,0.6408450704225352
Steve Jones,0.0165289256198347,0.014388489208633,0.3714285714285714,0.5816993464052288,0.7197452229299363,0.725609756097561,1,
Steve Sewell,0.2193548387096774,0.5730994152046783,0.8581818181818182,0.8506493506493507,0.8896103896103896,0.8881578947368421,0,0.8835616438356164
Steve Smith 3,0.3781818181818182,0.525974025974026,0.7272727272727273,0.7697368421052632,0.6027397260273972,0.5808823529411765,0,0.5522388059701493
Steven Jackson,0.4251497005988024,0.8181818181818182,0.9738562091503268,0.9801324503311258,0.9806451612903224,0.9426751592356688,0,0.9545454545454546
Stump Mitchell,0.2349397590361445,0.6666666666666666,0.7974683544303798,0.925925925925926,0.967741935483871,0.9824561403508772,0,0.9890909090909092
Sylvester Stamps,0.0987654320987654,0.0838709677419354,0.52046783625731,0.6909090909090909,0.4805194805194805,0.3376623376623376,1,
T J Duckett,0.2582781456953642,0.6075949367088608,0.7904191616766467,0.7532467532467533,0.5490196078431373,0.6026490066225165,0,0.6193548387096774
T J Yeldon,0.4581005586592179,0.5967741935483871,0.7595628415300546,0.6436170212765957,0.6237113402061856,0.6511627906976745,1,
Taiwan Jones,0.2176870748299319,0.3018867924528302,0.5714285714285714,0.3625730994152046,0.4636871508379888,0.1612903225806451,0,0.1092896174863388
Tashard Choice,0.3096774193548387,0.6178343949044586,0.7467532467532467,0.5850340136054422,0.4968553459119497,0.4107142857142857,1,
Ted Brown,0.313953488372093,0.7732558139534884,0.9518072289156626,0.993939393939394,0.9936708860759492,0.9876543209876544,0,0.935483870967742
Terdell Middleton,0.2165605095541401,0.6524390243902439,0.8546511627906976,0.8197674418604651,0.5843373493975904,0.303030303030303,0,0.189873417721519
Terrell Davis,0.4640522875816993,0.9014084507042254,0.9866666666666668,0.993421052631579,0.9813664596273292,0.9096774193548388,0,0.5958904109589042
Terrell Fletcher,0.261437908496732,0.5704225352112676,0.6733333333333333,0.75,0.6211180124223602,0.7290322580645161,0,0.6575342465753424
Terrelle Smith,0.0838709677419354,0.1986301369863013,0.3311258278145695,0.189873417721519,0.2994011976047904,0.3441558441558441,0,0.4444444444444444
Terry Allen,0.2602739726027397,0.5882352941176471,0.6194029850746269,0.8357142857142857,0.7777777777777778,0.9647887323943662,0,0.9333333333333332
Terry Jackson,0.0745341614906832,0.2838709677419355,0.5753424657534246,0.4701986754966887,0.2658227848101265,0.0538922155688622,0,0.2337662337662337
Terry Kirby,0.4104477611940298,0.6142857142857143,0.9084967320261438,0.8802816901408451,0.9066666666666666,0.8486842105263158,0,0.8633540372670807
Tevin Coleman,0.1508379888268156,0.5913978494623656,0.8797814207650273,0.973404255319149,0.9278350515463918,0.8744186046511628,0,0.7064220183486238
Theo Riddick,0.119047619047619,0.4152046783625731,0.659217877094972,0.8655913978494624,0.8469945355191257,0.824468085106383,0,0.5360824742268041
Theotis Brown,0.3023255813953488,0.5,0.7710843373493976,0.7151515151515152,0.7784810126582279,0.7283950617283951,1,
Thomas Jones,0.1419354838709677,0.3150684931506849,0.5496688741721855,0.6455696202531646,0.8143712574850299,0.8961038961038961,0,0.954248366013072
Thomas Sanders,0.1225806451612903,0.5555555555555556,0.8290909090909091,0.6948051948051948,0.5454545454545454,0.4342105263157895,0,0.4178082191780822
Thurman Thomas,0.1688311688311688,0.6493506493506493,0.9802631578947368,1.0,1.0,0.9850746268656716,0,0.9857142857142858
Tiki Barber,0.3,0.618421052631579,0.8695652173913043,0.9032258064516128,0.9383561643835616,0.9602649006622516,0,0.930379746835443
Tim Biakabutuka,0.0915492957746478,0.26,0.5394736842105263,0.8571428571428571,0.9225806451612903,0.8972602739726028,1,
Tim Hightower,0.2193548387096774,0.4968152866242038,0.6688311688311688,0.7210884353741497,0.5849056603773585,0.2678571428571428,0,0.0292397660818713
Tim Wilson 2,0.286624203821656,0.4329268292682927,0.6395348837209303,0.6744186046511628,0.5240963855421686,0.2484848484848484,0,0.1265822784810126
Tim Worley,0.0324675324675324,0.2434210526315789,0.3972602739726027,0.2941176470588235,0.3059701492537313,0.3214285714285714,1,
Timmy Newsome,0.0872093023255814,0.144578313253012,0.5757575757575758,0.740506329113924,0.7962962962962963,0.7483870967741936,0,0.7777777777777778
Toby Gerhart,0.1883116883116883,0.5782312925170068,0.7232704402515723,0.8035714285714286,0.6608187134502924,0.6256983240223464,1,
Todd Gurley,0.5865921787709497,0.8333333333333334,0.9836065573770492,0.9946808510638298,0.9742268041237112,0.9488372093023256,1,
Todd Mcnair,0.2662337662337662,0.5657894736842105,0.773972602739726,0.8014705882352942,0.746268656716418,0.5285714285714286,0,0.5882352941176471
Tom Rathman,0.2280701754385964,0.7163636363636363,0.7922077922077922,0.8701298701298701,0.8552631578947368,0.7876712328767124,0,0.7647058823529411
Tom Sullivan,0.0185185185185185,0.5702479338842975,0.8345323741007195,0.9642857142857144,0.915032679738562,0.802547770700637,0,0.6585365853658537
Tommie Agee,0.0194805194805194,0.3051948051948052,0.5131578947368421,0.5068493150684932,0.4852941176470588,0.3507462686567164,0,0.3071428571428571
Tommy Bohanon,0.1488095238095238,0.5497076023391813,0.553072625698324,0.4354838709677419,0.2513661202185792,0.25,1,
Tommy Vardell,0.213235294117647,0.5447761194029851,0.7142857142857143,0.6078431372549019,0.4788732394366197,0.6066666666666667,0,0.7828947368421053
Tony Baker 2,0.573170731707317,0.5842696629213483,0.6481481481481481,0.6363636363636364,0.6187050359712231,0.6071428571428571,1,
Tony Carter 2,0.196078431372549,0.4577464788732394,0.6866666666666666,0.6447368421052632,0.5962732919254659,0.5548387096774193,0,0.7191780821917808
Tony Collins,0.1927710843373494,0.7090909090909091,0.8227848101265823,0.8641975308641975,0.7677419354838709,0.8128654970760234,0,0.8872727272727273
Tony Davis,0.1503267973856209,0.4331210191082802,0.4451219512195122,0.3488372093023256,0.2558139534883721,0.108433734939759,1,
Tony Dorsett,0.554140127388535,0.9085365853658536,0.994186046511628,0.9825581395348836,0.9879518072289156,0.9636363636363636,0,0.9873417721518988
Tony Galbreath,0.4836601307189542,0.732484076433121,0.9390243902439024,0.9534883720930232,0.9534883720930232,0.8674698795180723,0,0.7575757575757576
Tony Nathan,0.2790697674418604,0.6802325581395349,0.933734939759036,0.9030303030303032,0.9050632911392406,0.8518518518518519,0,0.9483870967741936
Tony Paige,0.3271604938271605,0.6258064516129033,0.7192982456140351,0.7054545454545454,0.3116883116883117,0.3636363636363636,0,0.5986842105263158
Tony Richardson,0.1176470588235294,0.323943661971831,0.56,0.7039473684210527,0.7391304347826086,0.8580645161290322,0,0.8835616438356164
Tracy Johnson,0.0779220779220779,0.3421052631578947,0.5136986301369864,0.5735294117647058,0.4850746268656716,0.5071428571428571,0,0.5163398692810458
Travaris Cadet,0.0817610062893081,0.1130952380952381,0.2865497076023391,0.2737430167597765,0.553763440860215,0.5901639344262295,0,0.5585106382978723
Travis Henry,0.0890410958904109,0.2980132450331126,0.5632911392405063,0.6047904191616766,0.5909090909090909,0.7581699346405228,0,0.7152317880794702
Travis Jervey,0.0,0.0,0.1644736842105263,0.4596273291925465,0.5096774193548387,0.2260273972602739,0,0.0331125827814569
Travis Minor,0.2876712328767123,0.5364238410596026,0.7088607594936709,0.5988023952095808,0.5,0.3660130718954248,0,0.2980132450331126
Troy Stradford,0.6545454545454545,0.6753246753246753,0.8181818181818182,0.6776315789473685,0.4794520547945205,0.5294117647058824,1,
Tyrone Wheatley,0.1045751633986928,0.1830985915492957,0.4,0.4276315789473684,0.6770186335403726,0.8258064516129032,0,0.8424657534246576
Vai Sikahema,0.1929824561403508,0.4254545454545455,0.1038961038961039,0.2207792207792207,0.25,0.3013698630136986,0,0.1470588235294117
Vaughn Hebron,0.1194029850746268,0.4142857142857143,0.3986928104575163,0.4718309859154929,0.4733333333333333,0.6578947368421053,1,
Vic Washington,0.651685393258427,0.7962962962962963,0.9338842975206612,0.8129496402877698,0.6857142857142857,0.5032679738562091,1,
Vince Workman,0.2402597402597402,0.4473684210526316,0.8287671232876712,0.7941176470588235,0.917910447761194,0.7,0,0.6993464052287581
Vonta Leach,0.1920529801324503,0.4645161290322581,0.4840764331210191,0.2272727272727272,0.3129251700680272,0.5345911949685535,0,0.6547619047619048
Walter Abercrombie,0.2909090909090909,0.6645569620253164,0.845679012345679,0.864516129032258,0.8888888888888888,0.9090909090909092,0,0.6363636363636364
Walter Payton,0.4428571428571428,0.8300653594771242,0.9808917197452228,1.0,1.0,1.0,0,0.993975903614458
Warrick Dunn,0.5533333333333333,0.881578947368421,0.9627329192546584,0.9483870967741936,0.9315068493150684,0.9470198675496688,0,0.9430379746835444
Wayne Morris,0.261437908496732,0.6751592356687898,0.8597560975609756,0.8895348837209303,0.8313953488372093,0.7891566265060241,0,0.7757575757575758
Wayne Wilson,0.0813953488372093,0.2848837209302325,0.6144578313253012,0.8606060606060606,0.8291139240506329,0.8765432098765432,0,0.8193548387096774
Wendell Smallwood,0.1881720430107527,0.3989071038251366,0.601063829787234,0.6391752577319587,0.4418604651162791,0.3532110091743119,1,
Wendell Tyler,0.2420382165605095,0.3170731707317073,0.7325581395348837,0.7151162790697675,0.9096385542168676,0.9333333333333332,0,0.9746835443037974
Wilbert Montgomery,0.1719745222929936,0.6036585365853658,0.9593023255813954,0.994186046511628,1.0,1.0,0,0.9683544303797468
Wilbur Jackson,0.4892086330935252,0.6285714285714286,0.8888888888888888,0.89171974522293,0.7560975609756098,0.622093023255814,0,0.622093023255814
Willard Harrell,0.3357142857142857,0.6405228758169934,0.7770700636942676,0.6463414634146342,0.4767441860465116,0.4127906976744186,0,0.5120481927710844
William Andrews,0.4186046511627907,0.8488372093023255,0.9759036144578314,0.987878787878788,1.0,0.9506172839506172,0,0.6129032258064516
William Floyd,0.3,0.5686274509803921,0.7323943661971831,0.68,0.6513157894736842,0.6024844720496895,0,0.5419354838709678
William Henderson,0.1372549019607843,0.380281690140845,0.6533333333333333,0.7894736842105263,0.8136645962732919,0.8,0,0.7123287671232876
Willie Parker,0.2574850299401197,0.6558441558441559,0.9477124183006536,0.9536423841059604,0.9032258064516128,0.6878980891719745,1,
Willis Mcgahee,0.4311377245508982,0.7792207792207793,0.9019607843137256,0.8940397350993378,0.832258064516129,0.8853503184713376,0,0.7272727272727273
Woody Bennett,0.0523255813953488,0.2209302325581395,0.3554216867469879,0.3212121212121212,0.3417721518987341,0.4629629629629629,0,0.6387096774193548
Zachary Dixon,0.0290697674418604,0.0930232558139534,0.4216867469879518,0.6242424242424243,0.5822784810126582,0.4938271604938271,1,
Zack Crockett,0.0588235294117647,0.2323943661971831,0.4133333333333333,0.3815789473684211,0.4658385093167702,0.5161290322580645,0,0.678082191780822
